id,initial-eval
3797445,ImportError
4345741,ImportError
6967728,Success
7d2fa751b0b7af8c90e2e15a38d64c4c,ImportError
bd6941a98f6a515c2569,Success
4303392,Success
4491981,Success
8512102,ImportError
6027517,Success
6077267,Success
b21e142b529a958ab6413e92bca39e17,ImportError
1b7f0507f1e6acd08556e9d725e91296,Success
3965052,ImportError
4690569,Success
9749639,ImportError
3971694,Success
4011475,Success
c2af555630d1db3efb5178ece728b017,Success
17526123107ca0ac28e6,Success
1e5a4a29eddd8c4d850c1f58f4bd51b2,Success
8dddf5b924588184b0568ca98f827b8b,ImportError
3907846,ImportError
6b5e0f0f05ab487ff607,Success
5660418,Success
7869662,Success
4902819f17218340d11f,ImportError
7beb9dd4829844177cda5d529ab4c687,ImportError
3880042,ImportError
2db123b4e1bd8dcca5c4,ImportError
7216290,Success
4542897,Success
2a999bcaf0ebfbd6e5c0d213fb38f489,Success
5363910,Success
7d9f439a6eb16dee7fee,ImportError
ad764996ef26a5b1eea7,ImportError
a9d0767b1b262923f85027105a5eb968,ImportError
6805818,Success
5845251,Success
4755525,Success
7779078,Success
5641933,ImportError
b465dfd42915941d39286b42e32c5e28,Success
8934855,Success
6356555,ImportError
4061368,ImportError
8ee1922ac2e77f5b0c03,ImportError
6204256,Success
8faaa57891318aa438db4bff10b347df,ImportError
3904292,Success
7592543,Success
5133737,Success
7fba03376d75c83bbb55,ImportError
10017416,ImportError
7319733,ImportError
8924002,Success
2c712a91155c7e1c4c15,Success
10135096,Success
11189694,ImportError
7430052,ImportError
4503653,Success
bee7007252a72f52751d,ImportError
b41dd8e544bf0e3980c971b0d015f5f6,ImportError
ab4de1d15d9f8b2b461bbd05c8c035ea,ImportError
6599694,Success
4550560,ImportError
7885684,ImportError
9082229,ImportError
7622401,ImportError
6519366,Success
4659409,ImportError
3789320,Success
8063212,Success
ac29c8c19432f2d200d4,Success
7525439,ImportError
3637858,Success
6381165,Success
7741445,Success
c4d4632afb8176321385,ImportError
5041434,ImportError
92653913a53baf9dd1a8,ImportError
3660565,Success
a2ace4577eff2c603b1b,Success
6684739,ImportError
5363149,ImportError
4644918,ImportError
5567021,Success
3896526,Success
7783958,ImportError
5892603,ImportError
7d2bfe581691418b1b82,Success
2ae8f7df344f85fb4431,Success
8593929ed02435aed107,ImportError
10126841,Success
5049438,ImportError
7b8afa9214b01c66bd594b328aca8f92,Success
7595164,ImportError
3922704,Success
1bf1d58f30e66639ff44,ImportError
7132077,Success
02aeff2788fec8dbb615ac43835ec65f,Success
3497868,ImportError
6126370,Success
0f439797373d939235bd,Success
03e309b89fd9a74af1dd41344b7c5c70,ImportError
c3d8b8f44d5a95aae1d0,ImportError
8854896,Success
6110249,Success
5362433,Success
4666413,Success
5468929,ImportError
7865666,Success
4b35e15aa21af890b4a8fedef9891401,Success
b0dd93e71ff18303c059,ImportError
5438033,Success
6757242,ImportError
ae437a9acb5dc137eabf,NameError
8800525,URLError
6edb75862c3a2bd0852e,ImportError
3374211,Success
3a48795cb75df6d1c903,ImportError
bfe8b20c80e6f09c7105,ImportError
c1d9a654fbe6a4c12775e68ea1abb95a,ImportError
7217540,Success
9223336,Success
9361461,Success
3976411,Success
ac4ddd68417d7641135c,ImportError
8646606,ImportError
3717117,ImportError
9664407,ImportError
7869864,Success
6846774,Success
003dd646e5fadee8b8d6,Success
5894951,Success
c0f89988837b9f8de9f1,ImportError
10301506,ImportError
c5d808a293b2ac69b11f430530da210a,ImportError
08c9fef5703e79ca26ceed845163dcdc,Success
00c3427ef5a5e04d3c86,Success
4c1a732385250c78febfcdd73b0aa1f8,ImportError
6925159,ImportError
8b320be960e1654b908b10346272326b,Success
9640659,ImportError
5328876,ImportError
4083086,ImportError
6a3a6f52cce30e36f1a5,Success
ae83bd0367cc1bceeb6a,ImportError
6092751,ImportError
6b9b9a03bd8224db7b4f,Success
6071508,Success
8a6fa49253c1d6a0eb92,ImportError
3798896,ImportError
4b6b800841a472062e2ae8f88cce7957,Success
a4166c7fe253700972fcbc77e4ea32c5,ImportError
10589500,ImportError
8ddbf3172c1c6ffe0ac8,Success
97694490d2ca368e7141,ImportError
4264117,ImportError
7abcc7ba8a0807161a5903e7f4aa3633,ImportError
9936000,ImportError
4006859,Success
5b61c616c650e749dbac21355e522bb4,Success
a544863c53adeeae7594,ImportError
11090057,Success
2b0f9d99e49e49a07e59c45496112133,ImportError
5058978,Success
2af0d71870427c6bdfd6,ImportError
0d893983f9c19c63cc24,Success
7e6422a491d93e1e3219,Success
7c13ee45503dd933c4c6,Success
a8b5632f23e75b311df2,ImportError
5907155,Success
4071130,Success
5654241,Success
6258745,Success
3ec7f0791145b008589c,ImportError
7542961,ImportError
5746292,NameError
8113011,ImportError
5335337,Success
4079502,Success
3887602,Success
ad8eb800bacef9e34dd775f9b3aad987,Success
5213919,ImportError
4512375,Success
4659406,Success
07f982fc1346f98a41c9,Success
9972970,ImportError
5498503,ImportError
c1d1c9394335d86255b8,ImportError
c5cf33de5f4bfeae6ca5,ImportError
4284956,ImportError
8664997,ImportError
2a097e4f2671bbd84b07,ImportError
5538928,Success
4026453,Success
2bc82e704f810b4b96dda4188646256b,ImportError
4356539,ImportError
5dfc85fcb9b23e9cf9f08e9b4c143889,ImportError
5879208,error
3342719,ImportError
5756660,ImportError
6383054,ImportError
5254629,Success
75071170d3b96ebe4493,ImportError
5015986,ImportError
6934842,Success
3b89ce91d065851b292a,ImportError
6376196,Success
5276787,Success
7813815,Success
4172259,ImportError
a369b7a31d9dcab46b4a034be7d263b2,Success
5178632,ImportError
4729409,Success
b440f3be67897222cdc4650db510e262,ImportError
a62aa3fa7e58fa84c16c,Success
a858a59b2487d81eb66c0c3b62d042be,Success
9292787,ImportError
3345963,Success
bb55d9976f67d452edc9,ImportError
5104171,ImportError
5895822,Success
8471944,ImportError
5847732,ImportError
4598940,ImportError
3850232,ImportError
4643396,ImportError
1c77ba063f112a0c2ab8,Success
a45351496736ef389b9f,ImportError
0f347c8d789402a09f2e,ImportError
a6f4e6c4b18aa7ab932f5f94fbab3760,NameError
9672335,ImportError
ac8e222081f63ba64e93,ImportError
4130087,Success
aa029c56f78b07aedc79,Success
4583104,ImportError
a7a5cde5ce1b679d3c0a,Success
6260748,ImportError
5595766,ImportError
5469663,ImportError
4280136,Success
8192692,Success
10415576,Success
7728643,Success
5415120,ImportError
4347285,Success
207664884c93c4fa7d7c,Success
6028397,ImportError
9205262,ImportError
2f0c0330cc2cd0910040,ImportError
3880646,Success
8451974,Success
b3ae92b26fd7039ccf22d937d49b1dfd,Success
b11b38ffea4feb3a3f3299e555d72358,ImportError
4538011,ImportError
2ad53310dc1b1a70e556,ImportError
4032651,ImportError
a200a14ae763ddec505d,ImportError
c1e14dd6620ad855d81ec2e89a859719,Success
ae987fe4f6fbbd9ca415,ImportError
04b868dc93febab3a355,ImportError
7734472,Success
b75b6b6b8382a95aa6da,ImportError
5c70ccf26bba78eb4d1b,Success
8d14ff0a920d5c15738a,Success
3422682,Success
05e8a428203b78015abf30eb364e2220,Success
8538099,Success
8499335,ImportError
2e003acd6f10b902d09e96b6f754d31a,ImportError
7303201,Success
6f390e6d2084ededadcd,ImportError
3921948,Success
8b967950ceeabec7d920,ImportError
5519665,ImportError
3601130,Success
7455804,ImportError
3922705,Success
5241399,Success
6774493,Success
5257839,Success
3929114,Success
8641880,ImportError
6338329,ImportError
4698599,Success
4751549,ImportError
4715057,Success
4527458,ImportError
4700585,ImportError
bef7d5df55ec74f1241e,Success
10682964,ImportError
8683398,ImportError
4149845,Success
3aa1338b9f4a27b73270,ImportError
8443477,ImportError
4594972,Success
bb73f21ed2f3b46bc1c2ca48ec2c1cf5,ImportError
8546413,ImportError
4993707,Success
694934062c0814680d52,Success
5698549,Success
a6dd67e7fbaaee82c856,ImportError
8ceed7aaa6694078d7c8,Success
3887143,ImportError
11510507,Success
7984367,Success
5711847,Success
8110128,Success
3737658,ImportError
11098915,ImportError
4583843,ImportError
6207507,Success
6262190,ImportError
7344485,ImportError
38188860d2e0a55e17f727bab7ed1dfa,ImportError
8752800,ImportError
7961833,ImportError
3815977,Success
3496039,ImportError
a14f8da8eedf1d7a64ca,Success
4484787,Success
5817536,ImportError
7482313,ImportError
8049698,IndexError
3904180,NameError
4569360,Success
7700152,Success
a50908d4c935f39c39811aa5fa9fba33,Success
7547536,ImportError
5abcccf808a571e13188,ImportError
5834912,ImportError
ae7ca6d8128f02e306db,ImportError
7787682,ImportError
4338469,Success
3325354,Success
1a23a578e32e268e7eb52ac63bdeeb2a,Success
5035495,Success
a9831c0eb827eb9ad237,ImportError
3a59f0b893508882f889cbdc8bae2732,ImportError
5762777,Success
5730750,ImportError
6e79c10f73c33bba4769,ImportError
6b94c46d1f7512ffe5ee,Success
6201856,Success
6349451,ImportError
9248573,ImportError
8496696,ImportError
6969554,Success
11005158,ImportError
7078605,ImportError
973493941a82b28f0d4a,Success
7536335,Success
5524036,Success
9426462,Success
5811604,ImportError
5396595,ImportError
7e10efd98e93af94445e250c6d8d2bd0,Success
4652052f5e2e57b4b566,ImportError
2ba8fbbb7d008b0d1f15,Success
073701193ef623d2bf55,Success
b900be34c58b1f3fa7467b4876f2b5b3,ImportError
b5b1dfcff7e7fdd334ec,Success
b150542ef72abc7974cb,Success
7466392,ImportError
4238388,ImportError
aa24d81a892ac3d0593b,Success
4018084,IOError
8225010,ImportError
8462449,ImportError
7432419,ImportError
a6b5dd01a019fb303a13,Success
11219604,ImportError
7078803,Success
3482232,Success
1ea67cb429f3b969f400,Success
9144764,Success
5127281,Success
3810656,Success
6358780,ImportError
6281951,Success
8507301,Success
4572781,Success
2e90bc492270802d00a6,Success
4947238,Success
9556250,ImportError
7705019,Success
5184505,HTTPError
5705089,Success
8ea239ede6a026a61f4d,Success
4403456,Success
5bac77d4b97d66aac795,ImportError
7873072,Success
8763183,Success
3730043,Success
7d983878dc4c5fcacae57e4446008a06,ImportError
3773572,ImportError
7680118,ImportError
5970188,ImportError
3376839,ImportError
9692650768c7193b92a1325f46fc9613,Success
75297864abef5c8f2d5c134be2656023,ImportError
3890959,Success
4ef96d8d23ec47567a1004c485bad3f5,Success
3594679,ImportError
6543051,ImportError
0a0d5a2e84dd3178d348,Success
5550922,ImportError
4043174,NameError
00c8d9dfc21591a0de16dad7a8737c3b,ImportError
4072091,Success
9167711,ImportError
5183375,ImportError
6076658,Success
9883420,Success
5563131,ImportError
b475ea8cbeef36cff13c2c960e434728,ImportError
3338813,Success
3713832,Success
7305012,Success
6320204,ImportError
126809316081f253a3a6,ImportError
a290df2c6d43f964b8bb,IndexError
4642764,Success
7da64042c86f7405f488bcc9efe040f8,Success
7251872,Success
4beada26540a28e850b3b5d7c1a662ed,ImportError
7dbcaa7c22297fe1b303,ImportError
4cb29fedb7952e5a4cdf,Success
4559303,ImportError
4626483,Success
5358677,ImportError
3380780,Success
4151154,ImportError
8363143,ImportError
3680055,ImportError
6e6214a8c14b8793eb37,Success
5237697,Success
bb8ca0e37829b4722dd1,ImportError
5990757,Success
4070538,ImportError
4212647,ImportError
831466014367f4e90470,ImportError
adf6bff70142e5091792841d4b372050,ImportError
5314103,Success
5311471,Success
0d6faa80b24ccee5caea,Success
5667982,Success
8697616,Success
5849320,ImportError
7b90f69976e77f09b324,Success
97120046d0aa8f49c3fce03b844329d7,Success
5224673,Success
3f60796682aa6a72b003,Success
9a7ae9813311ec1c6f7c0b0ca622d006,ImportError
4664800,Success
8268816,ImportError
4277075,Success
5149052,ImportError
6756478,Success
6468956,ImportError
8d26ca1fc93fdb801b2c,ImportError
5575659,ImportError
8348560,Success
9883823,Success
9755516,NameError
5072534,ImportError
5ba3bd5c0f665c40828ba191fe50eec9,Success
5607858,Success
5295600,Success
3708845,Success
3448918,Success
8d51f5b40032f106a847,ImportError
5091799,ImportError
11390535,NameError
a6eb692e5a0af7cc266b,Success
8265164,ImportError
3a53abca4f42043bc152,Success
9672884,ImportError
4263486,Success
1518943127031f70b36a,Success
5768245,Success
3898953,Success
4216846,Success
02b1a5a8899b67df2623,ImportError
ab7966e7ab1c441f947b,ImportError
7361953,Success
5097469,ImportError
4468794,ImportError
5228086,ImportError
57929164049c8dffe36e,Success
3792676,Success
4982157,Success
8e19234b00a879d66671,Success
6d08b94ca3e80d3ed0bb3c7172fae21d,ImportError
bfa34ce30ce0ee8d585e,ImportError
7276291,Success
6b713022619c2b32b32c6400a55a8433,Success
7270354,Success
5678355,ImportError
4fcc91986b61a1019212,ImportError
5845984,Success
5604885,Success
0bfe88c3256226cf30b0,Success
5637895,Success
3318684,ImportError
181979298149c5e74887f30fe09dcc71,ImportError
7692812,Success
7c1d2d753ddb522e7bc22511cfb08676,Success
3428652,Success
7902756,Success
4316106,Success
3892000,Success
6436928,Success
5319823,Success
8714628,Success
7953904,ImportError
9442741,Success
ae260a89da5a9b67457b,Success
6364314,ImportError
5747099,Success
aee21a9f0376ca410f1a,ImportError
6955167,ImportError
3379016,ImportError
4cab3878d995bec7d1c2,Success
8aa410bbf48a9f6b163c,Success
7e3e5b83b605e3c05b9f3ed9315d8814,ImportError
5164171,ImportError
3974202,Success
4409500,ImportError
5448253,Success
3906682,Success
6166111,ImportError
5d1c67491ed879155c3e5c534a9ddcba,Success
6ab75289bf92cbe3d02a0c5d3f6a4764,Success
10116537,Success
3983259,Success
b1b795309a217d24566dcc0ad136f784,ImportError
0f3886cbf1ce158e913e,ImportError
be08155018c47eb1ad9a4ae60da1713d,ImportError
5848056,Success
4686113,ImportError
9020707,Success
baee0cabbe12861443a5,SystemExit
1fdecf01496a4d27178274a4bacd277a,Success
6046463,ImportError
5691805,ImportError
8876217,ImportError
c4dc45825a322881a9c1b300d70c3941,ImportError
5132551,Success
4773365,ImportError
5620075,Success
11400017,Success
5083450,ImportError
2eafdc75d89236018cbf9e6e57bc1885,ImportError
ae4a159b46e42932a583430807bed90f,Success
04ea53e7783689f0344b,Success
5252801,Success
5a653317688b14fd0fc67214c1352831,NameError
4581317,Success
11390102,Success
7407932,Success
10130454,Success
4ff85c8c4f68aa105f4b,ImportError
8d931c29cf4562851ece7e39b7ec3b3d,ImportError
4221658,ImportError
b58ff306a75a62e2af11,Success
4a5fe88be8923bea19c02e5641be33b2,ImportError
6875810,ImportError
3891614,Success
9086391,ImportError
6521272,ImportError
4af649ff88612b2de7c7,ImportError
4156970,ImportError
5555656,ImportError
5525713,ImportError
b7991ab491384e3c3331,Success
8853161,Success
a6d8631e9617777fb5237bc9ec7b356b,Success
b7387465690217e216f7,ImportError
4647645,Success
8f7289497f40ad442a30,ImportError
3403846,ImportError
a3bccad40610b9b69803531cc71a79b1,ImportError
6c34a844a9b8f36c3aceb932f047ecdd,ImportError
6318638,Success
4f23009ba3c84278e49f,IndexError
5763860,Success
7625935,Success
9559417be673c602450c3ac77a068a3b,ImportError
8d9198f746c9d2a44d19,Success
9537244,ImportError
7b2089bcc71653a691be,Success
4231272,Success
7836469,ImportError
6d7b0ee3e137df01b758,ImportError
10980172,Success
8591914,ImportError
6049407,ImportError
4080397,ImportError
8942940,Success
5a861be2e53044da9a3b8f5eaef52739,ImportError
a6d01148cc5ef24e2c93,ImportError
6658881,ImportError
7233877,Success
5160757,ImportError
08b4484486d5ab8ff6fa,Success
b4c7f2e0c13659480393,Success
4427419,Success
bce4a3a7bb58544b3eaa289aa1e4da1d,Success
5e82d57c915efafa769f,Success
7d2661306589ba8534cf,AttributeError
8021797,ImportError
8593472,ImportError
4689974,Success
3437255,Success
5436066,Success
a3f9dd3051411911fddb,ImportError
5135935,Success
7573114,Success
5435041,ImportError
8044909,Success
10030736,ImportError
8717683,Success
8143434,ImportError
8ce25ac36a7710cdd1806764c647cf99,Success
4166192,Success
6319369,Success
3975990,ImportError
5707738,Success
7a4989490300d1298ba0,ImportError
3784557,Success
6cf043e3fdedd1b94fcf,Success
5525397,Success
2ba59737bd4841cbe53f,Success
7b9d317aca548eae4b2c,Success
5203640,Success
8205663,ImportError
a7c10195b2626c78009bf73bcdb6db20,ImportError
5079739,Success
4695348,ImportError
8265329,Success
b313f4816d730e11d575,Success
3965133,Success
4495443,ImportError
4e9362acdc5db33ae16c,ImportError
5a2e0cfa638c938cca59,ImportError
2f539ab54321578872934bc48c02cc93,Success
5989661,Success
5385305,ImportError
4118143,ImportError
4543215,Success
8382836,Success
8343103,Success
6567480,Success
5576601,Success
6404430,Success
4567883,ImportError
7781996,ImportError
6284899,ImportError
6038009,Success
7164197,ImportError
4530348,Success
6e591faf68999dee043f,Success
b0aa5cbfa42f4eb23eb9,ImportError
11102044,Success
5598471b4ed2009cf95569bc7ebb3939,Success
3973495,Success
4153674,Success
a82ea6f919feadc3a229,ImportError
5479106,Success
bf83aa9e0d86aca2b3ae,Success
4043938,ImportError
6047396,Success
4437883,ImportError
4171988,ImportError
4671155,ImportError
3761495,ImportError
bda74130926094768d62,Success
6267899,Success
6129406,Success
2d93b585426a5b0154282929d3fd8551,Success
5607887,Success
af7d38cb7b7ca75584ef,Success
3903347aa7da1d928b81,ImportError
3740711,ImportError
4536824,ImportError
4492400,Success
8fcb14a1f55d3082354a604178648357,Success
0e99e40253980e34b27d079e89be52e8,Success
4014664,Success
4324688,Success
5071967,ImportError
4455635,Success
8349832,Success
3b08730d4ed31ae18c7d,ImportError
5278729,Success
5342958,Success
4531202,ImportError
afeda8fe80534a832607,ImportError
a80d95d0d14949b6584e,ImportError
7b8f449ac7fa308d45232c3a281be7bb,Success
5491316,ImportError
7887449,Success
5676674,Success
3407807,Success
8233738,ValueError
113909994e7c83cb39bdc4b06702a0ed,ImportError
4578664,ImportError
5263501,ImportError
b77f6d62a595ae329e41,ImportError
4573849,ImportError
5903069,ImportError
7554134,ImportError
0ca39697e2c10a3cee54,Success
3504535,Success
5616134,Success
9037367,ImportError
7781558,Success
5952263,ImportError
a2ba7306e829bf3a9010,Success
4137338,ImportError
3611209,Success
a1bc540925054b71e1a7268e50ad55cd,ImportError
4474587,OSError
1eb881ccf199d4aaa2097d87f93ace6a,ImportError
aca5700b6b5a929c41cdbb2f648e75bd,ImportError
5158737,ImportError
5934449,ImportError
9926309,Success
83118249d7930ef7dfbf,ImportError
7598574,TypeError
6139407,IndexError
4064926,IndexError
6102448,Success
5299844,Success
4619288,ImportError
8249581,ImportError
11122670,IOError
5d8aac6b4150373b1be57dd4e12b7fb0,Success
6015546,ImportError
4437648,Success
4130373,ImportError
6905036,ImportError
10575455e21248cc8bf0,Success
5947342,ImportError
5641402,Success
3719516,ImportError
00c9bdc7a3d1d5cb92e8,Success
8004682606be21d167bf5fad65106c44,Success
bc8649d647240ef14311,ImportError
3913945,ImportError
7620831,Success
6880761,ImportError
3efcf6273608f2c580439187e5ef77d0,ImportError
bc2eba34afcf04c972a8,Success
0faa98f7c0740583f04bbf8425c544ce,Success
8161939,NameError
5834503,Success
4076413,ImportError
8641027070ebe5af4e29,Success
4644684,Success
4593091,Success
4700640,ImportError
9774415,ImportError
8998264,Success
5479539,ImportError
7c04cc141bd3fc5f0ce1,Success
4754935,ImportError
4274674,Success
11126018,Success
7878487,ImportError
4bc462f46316e154d44081d4d2e6ef2f,Success
1b9f662111f119fabaaf,ImportError
5446774,Success
3750987,Success
8498541,ImportError
4066688,ImportError
7894034,Success
10802892,Success
8771803,ImportError
b41bded95e9a5057307e,ImportError
7305650,ImportError
5699241,Success
3529647,Success
1a41b52b410b197e9cbb,ImportError
6975370,ImportError
4358735,ImportError
4c82f5d4190d6ec3686a,Success
5600003,ImportError
6167441,Success
5623047,ImportError
5246248,ImportError
aecabdc30f4c4ef1fad3,Success
7a3b820b013f8e367e84c70b45af7c34,NameError
ba655c8756924a5febc5285c712a7946,Success
0d6f4ff4cda4b8820b22,Success
8052855,ImportError
9039435,ImportError
11254080,ImportError
4119604,ImportError
9521744,Success
4317095,ImportError
8a2ed1b8923f04ae6366,Success
5465353,Success
5521999,ImportError
5443830,Success
bc7cc401e3603a848a4dec4b18f3a78d,ImportError
5924084,Success
6316920,Success
1a314f7c29a9db6716ed6a36c3ee795e,IndexError
3800082,Success
4644641,Success
4448541,Success
8e1dd8c1d2ef54cabbde,ImportError
5a9a8dd4822b1178129f58b185186c75,Success
3976918,Success
bd08d9b447eedff52dff,ImportError
11310679,ImportError
8600384,ImportError
c1cd5c37acde6bce4fc1,ImportError
5587307,Success
0a96714e786c437d7704,Success
bddde51788c158320e46,Success
6505894,Success
b4994c605f76d528d0c4,ImportError
3873524,ImportError
beee8a6c72879d56b7d61b520f8a2b65,Success
6165148,ImportError
a5a13976f2c6fe1ddf2db2413c9971d0,ImportError
5424195,Success
b9a34f09113375e24443,Success
2a1afba4ee127cce50a0,Success
1a8ce8715960ff1a1bd1,ImportError
9532763,ImportError
9231107,Success
8e2e3c12d7a1aeaa4ce2,ImportError
7c33b3477e5a9c392e7c,Success
29891675298b10c36bdf5ff3790f93b4,Success
25462955022f8449fcc8,Success
5667999,Success
7059339,ImportError
5441398,Success
6606437,Success
4314218,Success
5426864,Success
2fe3c30b2b848a9e199e591ac3485adc,ImportError
7655467,ImportError
11143883,Success
6227577,Success
5694151,ImportError
4e917414cfb191391f9e51f6a8c3e46a,ImportError
11019717,Success
6b4d22eaefbd66895f230f68f27ee586,ImportError
ab2cf3c2d54c40b05478,ImportError
5dc6d82bcfe628908dbc58f1ac0f16cc,Success
9337378,Success
5c9bfcd67cca8e61d025,Success
7ce1babe0821985a94fed5fd659d265a,Success
2c451bc515c6b8740b59,ImportError
3af3a75cac4358e3b54d,ImportError
9475548,Success
4988471,ImportError
a35b2fc19654a7d19a8a,Success
3971102,Success
6442846,ImportError
4747785,Success
9107649,Success
3691390,Success
7404391,ImportError
b6063fddff863b8e9405e519d38c3c9f,ImportError
8142788,ImportError
005b067e1e8ccc1bd60e21ef2766b502,Success
5298132,Success
3497308,Success
bf838996ac1d04211ef8,NameError
5381509,ImportError
3527546,Success
7235545,Success
8049212,Success
a3cc41690c69bce02ed3,ImportError
5928841,ImportError
8409706,SystemExit
6152195,Success
9543963,ImportError
af7811113a5d1a9a2fe6448954839d33,ImportError
ae57a351387b5b40f21dbd5f2704146a,Success
8668698,ImportError
5278380,Success
7b2a802ffc9f154b05f7,Success
7975620,ImportError
1d2577af55c8320ffd6a,ImportError
7209387,Success
b868c1488e34210e4d05,Success
5385501,ImportError
05fb0cefed8b6ba580cc,ImportError
4708673,Success
6ce321b939dfc23797a3,Success
11021588,Success
4738476,Success
8edd82f780c650ae2b4a,ValueError
9439349,ImportError
b5c12c380569b1a1262ecd77728d0647,ImportError
2f399861fe419201279e,Success
4595278,Success
bf868f1cef01051dabc1f18bc4cf8fcf,Success
5227733,ValueError
1d1b646465aaec0720df,Success
10875212,Success
6626341,ImportError
3736275,Success
bc34513e2ea72dc0890ad47fbd8a1a4f,ImportError
a01f55b691a14ce53b0c,Success
ae99bf4ed48961060729,ImportError
3866374,Success
5733076,ImportError
0cc7b2804252975d36dca047ab7729e9,ImportError
4b85ea44481f518cf157,ImportError
1f4584946182046285ad,Success
4137880,ImportError
8446782,Success
9868180,Success
10018416,ImportError
ab8e7d758e4c866260172e2ed27a9ef0,Success
ad45831a2fb73f537a79,ImportError
4963950,ImportError
8c5f4e314a677594f5d11df7885afdf3,Success
5053378,Success
3738747,Success
8862947,OSError
4243582,ImportError
8cf06fe1df0695806456,Success
4684913,Success
8bdb1092579041ce739c,ImportError
4cae51e123b596d5c60d,ImportError
7701547,Success
9561148,ImportError
8153571,Success
5e43439eb71066bf891f,AttributeError
0a1a870e02ee501e6549,ImportError
5789879,Success
3928813,ImportError
1b321eb535a7cd3693d08a695a763595,ImportError
7cb81022d73ab55ad1712e3432113889,ImportError
6578926,Success
3556495,ImportError
7794909,ImportError
4271012,Success
6fb8c0e8932135bcff25,ImportError
9197294,Success
6374644,ImportError
7356677,Success
5755890,Success
5608979,Success
4486946,ImportError
9130978,Success
4952848,Success
6088623,Success
b0025a97016cea9c3a18689ae1e7be3e,Success
6722656,ImportError
2cf168e560ae79df3490b56e14d56ea3,Success
5394702,ImportError
3535568,ImportError
5424219,Success
3925150,Success
10075023,Success
00f03ede8921078b0a8c,Success
aaccdb7972e1a7ed094b,ImportError
10069682,Success
4d0ffbad002e5a3cade8,ImportError
3de0fd797ddcc2602fd2,Success
6343451,Success
3e66afdeedcb70ab0b34,ImportError
4116558,ImportError
2bad212a3b0571357e1b,ImportError
bb19ca2b03545f71ae15,Success
11076951,Success
5c6869e17c3e9c8b2034dc8fc13e180b,Success
5201491,Success
5376677,ImportError
6333170,ImportError
5650699,ImportError
5be0725fc0e6457b44c5,Success
9238791,Success
4cc8f32123f0ee25b4d3,Success
6267789,Success
7105045,ImportError
b79a159bb91d3a6aba4a,Success
7087359,Success
6681098,ImportError
7836327,Success
6064607,ImportError
6672605,Success
5675317,Success
6438182,Success
8586671,ImportError
6519387,Success
3604327fe9946618ebdc,ImportError
11240995,Success
6ebc60cd3450478c7fc4,ImportError
5821166,ImportError
6a19c73b5c96ad391856,Success
4154786,ImportError
7009301,ImportError
11339448,Success
07c417893a3cefaaaeff,Success
4188305,ImportError
0eb66cff9c2cda44c6a2,ImportError
5850592,Success
ac2346214d5a63adb515,Success
6198335,Success
0ef13930d561e42b9b213cadecfcf7c9,ImportError
5756470,ImportError
5971551,Success
5370940,Success
5d908ae2a7290bede3d2,Success
bec33d000e18b47d4656,ImportError
4144148,ImportError
3350235,ImportError
ba3f37dd7c52077d4eeb,Success
0f0b14b391b9b52993bf,Success
7d0eacd86ffc3d376f42,Success
b3cbc894ad2c2516dd02,Success
6590539,Success
7cf685871d659527c0a9,Success
b2063941b82f2cf1b935,ImportError
bf22d1822c38a92ec0a9,Success
3394647,Success
9052044,ImportError
10171593,Success
5177656,Success
4b5ded9875cbba3e514f,Success
4662006,ImportError
4448630,Success
1377427515b37cf1125aa70f937a05cb,ImportError
5593610,Success
1e1ef7fce7aaa67caf4d,ImportError
5734469,Success
acf8df23a16afdb5837f,Success
5169561,Success
7be6ecf2d6b761f90c09,Success
1dab9f563fcce7ec66f2,ImportError
5424244,Success
6431001,Success
4451510,Success
c3e5c07780d4c8231ab0,Success
6493234,Success
2a71756bbdda89c04e56,Success
11130233,ImportError
5076605,Success
acc798840dce182627b6,Success
4247343,Success
4ddc91ae47ea46a46c0b,IOError
ad9407297ec9bb6c507a,Success
4fd1f246feb6149dd1dd,ImportError
ba60162a42015aa4872a,NameError
6390139c037949f7ea4b,ImportError
5526230,Success
4067619,Success
9714475f1b3bc224ea063af81566d873,Success
6877402a5705c84dd2ac,ImportError
3481728,ImportError
6629791,Success
6513075,ValueError
7c558138cb48b36e785b,Success
5848356,ImportError
ab3b8bc748c0779a53ceed11d46b1303,ImportError
3696493,Success
8c70f7b86a69ad25accd198f596fee18,ImportError
7797584,Success
0ec35b0839801dca4a40,Success
3df734ad08d8dc8d9ace0491ef97cc58,Success
5318252,Success
9309999,OSError
1d03b6d1bc72c28cb856ca8e9d88c08a,ImportError
8680198,Success
1c8f7dd37cdf4f2ff544ee3a7b163fbf,ImportError
1a7ae319448db431715bd75391a66e1b,ImportError
5473540,ImportError
3353411,ImportError
11336204,Success
3925738,ImportError
a12fe54afe34873cbf0d46748172aa8e,Success
4450031,ImportError
a214bfee2420960a81e5,ImportError
5b3eb31bb4f08aba42bbd56ec1a0a552,Success
6607039,Success
7839356,ImportError
5400046,ImportError
aef62f1c1a8e2bf842c225d871d50c8c,ImportError
6102105,ImportError
6199074,Success
6308596,ImportError
5228780,Success
4147337,ImportError
5652755,Success
6504832,ImportError
6488886,IndexError
bbdebe00f6d71e34576f8b1cd24401b7,Success
2b0ddf6e1178c40c0826,ImportError
7157090,Success
6f3b7aaad90606b98f71,Success
5423808,ImportError
3721801,ImportError
6290319,Success
0d65cad2ba607fd14de7,Success
3541415,ImportError
6471314,Success
5864730,Success
3bc837bc3464019f8d97,Success
8c2eac075fdd7c49399c,ImportError
3397251,ImportError
5088513,ImportError
4634276,ImportError
4646656,Success
0c4f34f8de8d21b22ceb2b7b0246beae,Success
7f738b8d89a537ba1aa4d97d90b17c28,Success
8805271,ImportError
5774585,Success
5644296,ImportError
3789163,ImportError
4551408,ImportError
3805872,Success
a3d3c4da11ca1c2d2b84,ImportError
5465084,ImportError
4205533,Success
7898985,ImportError
4a8595b6c88a2b5d4102c106f6e76df8,Success
5198855,ValueError
5454505,Success
01c6f26da1a877f0f3003bc776a2311a,ImportError
8446314,ImportError
7131876,Success
4151899,ImportError
4520498,ImportError
3942066,ImportError
8273963,Success
6203459,Success
5656566,ImportError
4032227,Success
b996cfe2f1d24752f23bd119fdd678f2,ImportError
8483682,ImportError
7442897,Success
5486024,Success
8e7fafa7da938cd93695,ImportError
4720393,ImportError
4721073,ImportError
8affcf346790c6a0e918,ImportError
3945217,Success
5424289,Success
3385357,ImportError
b3f4e178bcf9957e25a1,ImportError
3915755,Success
2c6e375fefbed28d0bae5b5a198890f9,Success
4081568,ImportError
6135716,ImportError
6027355,ImportError
3917654,ImportError
8e04e47cc53e38eb1015,ImportError
02d8e1d54d510294e75dfbc0d9bd7059,Success
5115640,ImportError
5f01bbbeb998f2c2be89,ImportError
8469730,ImportError
3d53e7cd94f05cc92c1c,Success
5022712,Success
6215557,Success
5565364,Success
5351452,Success
5383970,Success
6797443,Success
4435261,ImportError
8335237,ImportError
5768526,Success
8374607,ImportError
1be51b3361c189980457,ImportError
a1570ff356cee9a77dcc,Success
8ce36416fd4c8f6ddf4783c63e4bfa66,Success
5513926,ImportError
9963226,ImportError
2febb4a820717f2686f9,Success
5768348,ImportError
5860754,ImportError
9901460,ImportError
6952087,ImportError
8d925ff960d7e542a9d2,ImportError
4c086895292120480938,ImportError
c5db6590f26d99ab2670,Success
3326276,Success
b9ca940f3735b9d30e3b,Success
7637559,Success
4750088,Success
6341150,ImportError
5464753,ImportError
5944478,NameError
5919625,ImportError
a77ae593f21ea57adb76,Success
6058893,Success
6293363,Success
8543588,Success
4412815,Success
a857438d6aae21ef9170,Success
4218010,Success
c0c56b03f8e0095f77db,ImportError
5b10774dfcd61cdd3f28,ImportError
8099723,ImportError
7657025,Success
5676104,Success
5291959,ImportError
3ad81f01efa640a52813,ImportError
6194156,Success
4a5821699e1ed519a604,ImportError
5504396,ImportError
3f58611fbd2c4349c889,Success
5596158,ImportError
a3a509b8ab8d2516b403,Success
5589978,Success
b005ed5fbc70761bde96,ImportError
074587354d97d872aff6abb65510f618,ImportError
5722963,ImportError
14490076841d3b4f58a5684db2294aa4,Success
5311181,Success
3684595,Success
3dcebc1e23c71929e0ff72f77d9e7019,Success
5bdb06b76912f30304f38e18712c0c52,Success
6519372,Success
4635563,Success
4149804,Success
7420811,ImportError
9964456,ImportError
5223935,ImportError
5096814,ImportError
a0cc7f786e260d57714ce7a414c58403,ImportError
4173707,Success
4057289,ImportError
74944770e7647855ac9d,Success
08abaf42930473f9e3e2dbadad5c92fb,ImportError
8311060,ImportError
4943359,ImportError
9094839e23692da9eede,Success
8273330,ImportError
4045328,Success
6472732,ImportError
5048592,ImportError
4404346,Success
c6de2f988c9d3f01af3c,ImportError
4451520,Success
7a2d50fb6f3ff8a13cd6,Success
3cad41a61ee16bcd75235cb0f64c0df0,ImportError
3342913,ImportError
8a118c69312b35a9db7f19f61c7a6b3c,Success
6536913,ImportError
b8762bae9b38bf67e494,Success
4010535,ImportError
b9379b8d42f139ae9ffb,Success
6435248,Success
0a71cde3ca7261f77080a3625a21672b,Success
3fabf65987f4bd2dea37,ImportError
6a02a191341797316ea7,Success
5265767,Success
6574351,Success
6928674,ImportError
4039622,ImportError
3734996,ImportError
9343536,ImportError
9896022,Success
5e5758d9c591090291d6,ImportError
5038467,Success
10222402,Success
8aa7c2d03273da846bf4361236a4f3f9,ImportError
6953749,Success
3726239,Success
6444684,Success
4446527,Success
3473470,Success
1ea8e1b90bfe632cd31f5a90afc0370c,ImportError
289814198f43976aff9b,ImportError
9664264,ImportError
9339727,ImportError
4595055,ImportError
4001440,Success
4650385,Success
9673227,ImportError
a1077719e36287659dccbe5a187c2e3f,Success
5f088c5fe6abf50a51dba6e85c2aac6f,Success
7381407,Success
ae32bfbb8fd5ba35c7302b70ce58790a,Success
072712792c46aa192797,Success
1e302b40f38ddd4e218d,Success
7509261f6cd430aa64d7,Success
5236037,ImportError
7977826,Success
a7c373d3cde9d130912a,Success
5547287,ImportError
4232700,ImportError
8300397,ImportError
6108848,ImportError
8a7297838593287195b0,Success
aeab43fab80d315932b32df0ec862920,ImportError
b4653e353dba1bab9d9eca9f77086d3f,ImportError
8016220,Success
5023021,ImportError
6034533,Success
5267668,ImportError
9902067,Success
7163277,Success
4284938,ImportError
5935004,Success
11143783,Success
6520420,ImportError
6783464,Success
5097712,ImportError
a1312d211c110ff3855d,Success
4cb859811aa7c75b37a2,ImportError
4081514,Success
7451236,Success
5194475,ImportError
1a1c7f3b86530da161b9,Success
7268449,Success
5406999,Success
3693796,ImportError
7512023,Success
3818144,IndexError
6623428,Success
5311563,ImportError
5005528,Success
7509453,ImportError
5000062,ImportError
abe5c8053852a734c1f6,ImportError
5671192,ImportError
9947838,ImportError
7899420,ImportError
7352832,Success
c5e7bad33643895c0f0db5e30c97df3a,ImportError
5481681,Success
3765157,Success
5339900,Success
7fb058f67a2988cba74957ef2ec013d1,ImportError
5202233,ImportError
8557304,ImportError
8271687,ImportError
8c42550c7a31bab5c338,Success
a239b9f32aa1735ae42f,Success
4478844,Success
8311046,ImportError
8543562,ImportError
5376099,ImportError
5350769,ImportError
3848832,Success
3951899,Success
6dce4927fd4d01574d1b,Success
5618992,Success
ae701fd14b2c2af1bf745268d896ca52,ImportError
ba2f9441d9455b56fbc9,Success
c0aadcb538cb767b2f93839b82d84573,Success
5308280,ImportError
3380407,ImportError
5862470,Success
7fec9ec0f3ab405773fc,Success
5603718,Success
aca120409e01584d055d2c42a801df39,Success
5358964,Success
6855750,Success
5e88aec2b3bac0022da256977373f1cd,Success
a273ca1e579ab573b499,ImportError
6000938,ImportError
9983048,Success
a94ead037249f497a110763beb08942b,ImportError
3fef7d2afb2d502e4735be083c9f79e1,ImportError
3739429,ImportError
6023716,Success
5852216,ImportError
7642141,Success
7978659,Success
4745747,Success
0ef66e0677be32050574,ImportError
3703911,NameError
4d61eb5a42aeaad6ce90,ImportError
3bafc3cb05d7c06dd06c,ImportError
b7c151341408c2afc32f,Success
10205889,ImportError
7083770,Success
6df33e9cafa4d84005bf,ImportError
4447660,Success
4141887,ImportError
1a0b5442171f9afbf372,ImportError
b8ba315b9a138db73be0,ImportError
3874093,Success
4711203,Success
5339192,Success
6583590,ImportError
4398416c1dd7c29b19f003b903615808,ImportError
2da1ac63976008750c940fa9698919bb,ImportError
a3687b573364f65904e2,ImportError
b748c632bec0628c2419,Success
5312189,ImportError
7177249,ImportError
5403446,ImportError
2d8566cbd500cc738cb20461751bec8e,ImportError
1c9c48956a1e00a29dbc,Success
7573627,ImportError
8228870,Success
6a4325220ace587e14a762d093b4cdf9,ImportError
4684356,Success
7192777,Success
8194159,Success
9001357,Success
4dd7943b9e663bb5741d,ImportError
5960435,Success
bfc241857b1f87576ca6355ab7653ad0,Success
6133057,Success
b1d8c07b96a8fecb319c7902773f9c0a,ImportError
7276529,Success
7986974,ImportError
4615346,Success
bf9ff4f233eb3ae6b727,ImportError
a0785701c51fa7d4da32,Success
2d80300dabc70eebc790,Success
5089611,Success
4fd1355bf5b8edae2261,Success
6827110,ImportError
4071535,Success
a61d9cade3ba19487f98,ImportError
3663115,Success
8166675,Success
5041037,ImportError
b6ef7948fdcae8c200043ac8529778a9,ImportError
11198540,Success
4ac7cfcd9b85619ced5458581aa3350a,ImportError
8926251defd03d99ba5f64af6e67bc3d,ImportError
5501664,Success
a3f0db0b7cd65e523ab2,Success
10405384,ImportError
4600258,Success
7471095,ImportError
4277592,ImportError
2e5bf13a233ae28fda9f,ImportError
7097314,ImportError
0e6207346acfaaca602eb7dce80226a0,ImportError
4165078,ImportError
4c5f4ca891822444af3d,ImportError
4109562,ImportError
3897853,ImportError
a1cbb11e0930dbd3098e,Success
4704110,ImportError
afe42623c7d4007b06f8,ImportError
7a3f0c3d23d99f6c65c4,ImportError
4287546,Success
3718961,Success
9611032,Success
4509560,Success
9996997,ImportError
1b2a5f7460febb8024b6a24892abb8dd,Success
3970945,ImportError
8ef6600b927740b3903e,Success
5c96ef3306b92120696a44b92db8947f,Success
3993576,Success
4667957,ImportError
a78698858bea3e7e28310378682bd30a,Success
5521432,Success
c3b3bcdeed5c9a926bdfcea21111bfa4,Success
5296795,Success
0db66d3f26aaec5ecf8aa5584f221d63,Success
4412850,ImportError
1d4beea5a1be9be896a5,Success
5694830,Success
9732300,Success
5083914,Success
092633087d56b8782bb003282e9a8950,ImportError
4199233,ImportError
5884790,Success
5168051,Success
5735965,Success
5432505,Success
1d7b138b9c4e80231f6f,Success
9104225ab20c5c7b8d51190e56d9fff8,ImportError
9009533,Success
ae13ed93e0e8f3c820226fc6871f436d,ImportError
3618684,Success
3691654,ImportError
4428308,Success
3745907,Success
08fe49cbdc4fb6383b2e,ImportError
1b6ed51edfbc17c26d85,ImportError
5f7b9f1580cd711415faf1516a715f63,ImportError
5aabad0a38cbc9738a72,Success
7947014,ImportError
9208584,ImportError
511888530967f4d3fabe882c4d00575a,ImportError
5771023,Success
5644414,Success
5652571,Success
3859749,ImportError
4704121,Success
5139432,ImportError
7267431,Success
6341918,Success
8224244,Success
5088954,Success
5435343,Success
2cacbb7bb38cc3a6ab45,Success
5027822,Success
0f7b290dc4e1f58ad803,Success
a67e4b3b59990589600f,ImportError
7312782,Success
4353889,ImportError
3953990,ImportError
1b59abbf30406ed1eb82,Success
0f5d0df1e1a863a93568,ImportError
2df4f573a8a16d5db4d3,ImportError
5792675,Success
6f384a54dc23d0f20380,Success
a9af1cdc2617c23a1f61,Success
8798262,ImportError
5d55167ce08dfc42160e,Success
6393809,ImportError
7091876,ImportError
9026574,ImportError
11263599,Success
bdcbc7a2da010d7aff6e,ImportError
b178cf3b0291969c2e71,Success
5541773,Success
6452581,ImportError
3883290,ImportError
0eb70888b6085b3f65f5,Success
a5d0cab4bde185b38404,ImportError
6087046,ImportError
4d7e551b4c0418de3160,Success
7703507e68c92d902058,ImportError
0ae4baf51c602346be59,Success
8dafa16673f2d63ba10d,Success
6850443,Success
8c2b6cb00f786c2caab65b1a51f4e847,Success
b9c5b5529381d1737fc3,ImportError
9162127,ImportError
05cdecbc0a7533ef3027,Success
6307592,Success
5050915,ImportError
5230165,Success
b579f54b771f63522e9c,Success
7704872,ImportError
5881046,ImportError
5bb1bd04a443c4e06ccd,ImportError
4009671,Success
42284303cf6a7ef19dc3,Success
7249102,ImportError
682979133e732c4cd3ab9467e5c70273,ImportError
08f51440d2cecc95d371,ImportError
4497613,ImportError
8243318,ImportError
6925792,ImportError
5050586,ImportError
8b98652f9fb8f8d7afbf4915f63f6726,ImportError
1cb5eb1a8fb7ef0e1f80,ImportError
0fd550758b4bcc92029f,ImportError
11063439,ImportError
4982283,ImportError
11295815,NameError
10508582,Success
3ab6495896b4f0538543,ImportError
5eb3c5f701cc10acbb64330611e9fb51,Success
9747104,ImportError
9478366,Success
a5fc0bf06bbe656c7291,ImportError
5726342,ImportError
5308423,ImportError
8928865,Success
9373279,ImportError
8205478,Success
2bc6c7356ad82dd1cc70ad08e5542c82,Success
2d010750d40690922905,Success
6151754,Success
7cf9973676fe3e0bda30,ImportError
5804375,Success
5543503,Success
7c8837167df8b6fbb3a38e2de52ad0f4,ImportError
68703518a1db03aa52ba,ImportError
6ec898268c2329b1be1f,Success
4fc0a61419858c748b59,Success
10270150,ImportError
8187296,ImportError
4682580,ImportError
5889154,Success
3745014,ImportError
5a3e7b3631b073db5529722f857f54aa,Success
b4336bbdae6e45d594e9,ImportError
6397146,Success
5730160,ImportError
5045784,ImportError
8056423,Success
5818376,Success
5059310,Success
a1ed40987b6cc9ab9c65,Success
8222898,ImportError
3d12cf9569897b27ffa9,Success
4699799,ValueError
7f65b7e36b76ccde9fe52b74b62ab9df,ImportError
2f66dc46e324feec706b,ImportError
4471849,ImportError
8560036,Success
7982653,Success
5fad06f7a70e6420bb8c,Success
8e9747eaa9f3f97e29be65316460f038,ImportError
5f52ceb565264b1e969a,ImportError
8366855,Success
b95abcf698d85b5d5007,ImportError
7d1cedf698d217d3cc4b90028951a594,ValueError
6efba6e522302e43d055,ImportError
5900450,ImportError
3879439,Success
6725777,Success
8400860,Success
94969418492f5a05b188e63954a23386,Success
a526bddf953f5dea367e64fc2995b443,ImportError
10347201,ImportError
4e82161347ee23e5b7ffeb7124347d2a,ImportError
ba7b46dfc854544bf3c8,ImportError
5058032,ImportError
7700906,Success
5426211,ImportError
9892556,Success
6405956,ImportError
b8d878abd4091efc63f9fe99cbb36ac0,ImportError
bb4e14b1998814f27bc4c7905da650ce,ImportError
8119802,ImportError
5040491,Success
8050711,ImportError
7ab70c36192fb14830a0,Success
4c9ed8806bdd8e695a73,ImportError
70874791ff45475bdec92f519345d663,Success
4309948,Success
6192900,ImportError
a093d30523dd77ae970f3ffcf26e1344,ImportError
b111752633509cb81c51f155611ce4fb,Success
b34584af3624ddeb1ce4b301e6bd5762,Success
6128137,Success
8659192,Success
3903930,Success
3802158,Success
4128537,Success
8459209,Success
5895737,Success
8e3913358a7996eab9b96bd57fc59df2,Success
6404685,Success
6018026,ImportError
3986583,Success
8493922,Success
08a31f02fd1282d12b75,ValueError
7811458,ImportError
7209158,Success
5355597,ImportError
6189349,Success
6040997,Success
7902330,ImportError
c3e9af58ba93497c5f202f89dd70fbd5,ImportError
9258372,ImportError
b08c813a2b81c2dcdcfbee9edb958f60,Success
7485132,Success
a6dd35ec335b426eae55,Success
52842722c0c451807df4,Success
4735384,ImportError
7426817,Success
5635505,Success
b39626f5200aa1ef3c95cdec40ec728a,Success
5397472,ImportError
05aacf1766dc98092922,IndexError
5cb8b4c31cef7506c38b3c3b2b29b73a,NameError
4f76b66feeb5aa24e124740081f241cb,ImportError
aeafc25acbaa919b17fe,ImportError
5857478,Success
bc3f556e0d1a3273b7c17e2b6cdfeb24,Success
4ccb79c7d01a95176b8e88bf4890cd2b,ImportError
5123815,Success
4721748,Success
08df2a3b9b0f8c56873a60eef1706a1e,Success
5245670,Success
3856821,ImportError
6bb4ab01224f988458a7,Success
2e19d98039469b9d0134,Success
5219706,Success
3905899,Success
4751400,ImportError
4730261,Success
3d63503051e73fe23c8e616189972784,ImportError
4103124,ImportError
3318211,ImportError
5330555,Success
3dc2795f6307145cf7cb,ImportError
4979594,ImportError
5596891,ImportError
5457210,ImportError
4011338,Success
4049625,ImportError
6105844,Success
8c8a8d62debe8e5aa5340373f9c509c7,Success
4735528,ImportError
8f0be512821c8e646e60,Success
03aa9be710a5c93f6809f55dd0303e12,ImportError
11212614,ImportError
8c055456df48058c1484,Success
4352289,Success
8c3bb1dcfd21b270f368,Success
5410178,ImportError
5bd1a1df30e2a9e1835e7115f2c3e52d,Success
7845124,Success
845422125b3b25182b3c,ImportError
3390779,ImportError
5320734,ImportError
2cc3f23638577c89c417,ImportError
8422500,Success
3618191,Success
3798378,Success
2ba497786027472f98dd,Success
2a97509f50c57a2e737e,Success
1d6654a721789163627c4db7add22a50,ImportError
6054764,Success
8006132,ImportError
5693964,ImportError
5486147,Success
5be74487947c8b500950,ImportError
10107280,Success
5605160,ImportError
9434953,ImportError
4284242,Success
3711535,Success
3289015398d14b740074,ImportError
1ccde0ad21686513cd0f,Success
5258909,ImportError
8710270,Success
8153070,ImportError
5793049,ImportError
8289925,Success
6047780,Success
1b8e34a1a9816245192c,Success
5717772,Success
10375900,Success
5ea59e1976ef9f672245fbe153841d44,ImportError
9748036,ImportError
4da02e2960636d349e9bae7ae43c213c,ImportError
5389146,Success
5488075,ImportError
9674578,Success
3686737,ImportError
4555500,ImportError
5685637,Success
9095575,ImportError
11174815,Success
9610005,Success
6266559,ImportError
5658957,ImportError
7231961,Success
3866040,Success
7f777c24880c8d1dee744ecb8125e50f,NameError
4b166cbdf0634ab09bad,ImportError
4601257,ImportError
5671071,ImportError
8978002,ImportError
3757975,ImportError
07c8e95e33d9429d81a75622b5d24c8b,Success
8407623,ImportError
6612871,ImportError
4943658,Success
3787790,Success
7461781,Success
5367063,Success
3385009,ImportError
3704287,Success
a6a56cf5b17a86fdf461,ImportError
bda10fa55df5723e27da,ImportError
9040240,Success
4281908,ImportError
5022021,ImportError
a72d4ec73911b5859098,ImportError
5b0a5532de84402e4ced0548f4650f2d,ImportError
2d727968c3aaebd10359,ImportError
2c7011ac30de27b9c5631f1bf418f0a1,ImportError
6639863,ImportError
5092379,Success
5874460,ImportError
5579037,ImportError
5884820,Success
5181882,Success
0b21b2a563340091b5b3b9069ea51168,Success
3941973,Success
a8504c15ca537ea49c6a,SystemExit
8550490,Success
bdd56b25a5f547599f7f,Success
8204593,Success
b527e2a9e855437539c9,Success
7e4ca9a27727cf2a86b6,ImportError
5503221,ImportError
0c9fc781f78a90815789399c27c52803,ImportError
7947337,ImportError
7134293,Success
8795438,Success
5886274913bac202a192,Success
5102137,Success
8d2ce0b0b03f34e117dd,ImportError
3627514,Success
bfd1ab8a412d2be42357,Success
8358332,ImportError
5320934,Success
4171336,Success
7182658,Success
6737282,ImportError
6172711,Success
5606582,ImportError
9918884,ImportError
5976242,ImportError
7857478,Success
98916876e14534fa8ab2,ImportError
c3d9d22e43455cf21033,Success
5eb49cd846b772e84524,Success
4161739,Success
11164279,Success
5402888,Success
4221200,ImportError
bc8e4c40f4f9a361963a,Success
6d673f1f3d13da1611cd,ImportError
4169164,ImportError
8415713,Success
ad91a3b4a0a6900fedef,ImportError
11183420,Success
7b3c2cc7ee691bed97aac0a300a99f33,Success
5750023,Success
b37376c8263a02359401e6f0c155a3ea,ImportError
3816736,Success
7175267,ImportError
2c96d180d61887a23e9443edd2523dd3,Success
7656236,Success
8384524,Success
4fe0b0b55798c76252c7,ImportError
4168045,Success
3feacbd83491d8cc1895a15a73af7e18,ImportError
9618007,ImportError
5c7421b8ba0417e3007daab1968e92ac,ImportError
5439438,ImportError
5136538,ImportError
6772884,Success
4253687,ImportError
5976023,Success
11374912,ImportError
a1a002d4238c66ee186a,Success
5077283,Success
7271326b38b7b41c60d3,Success
bd8f35699bb4f29fedfc543a480a67b2,ImportError
7000517,ImportError
6634526,Success
bdbb7ef2e468c8557e09,ImportError
4520732,ImportError
6153890,Success
6202245,Success
8744967,Success
5537082,ImportError
8349814,Success
0c3db6c57b21b7b0882a,Success
a62d6ff7526c5e9b21b4,ImportError
3a4cc70586e50d35f7b1a65a1cb13fc6,Success
4992904,Success
1abb64affb21322256f1c4ebbb59a364,ImportError
1e3263c4b26c4c1674b8b29274d528d8,ImportError
9609188,ImportError
4108961,Success
a8e3931154af4da89995,Success
3443999,Success
4abfb8e9f0681173ed59,ImportError
9262225,ImportError
5181480,ImportError
4122058,ImportError
4e04503b4c6739d7b4be692b56ad0ac5,ImportError
7414775,ImportError
6417293,ImportError
0d9b373b59ef9bb62b5a,ImportError
bedb5d779e846c2a71da,ImportError
4187084,Success
7bb75a8f280f501344b8,ImportError
b910c8b22e8e1c01fae6,ImportError
8052013,Success
abeb51ce071aff03b781e1a3eadc1a20,ImportError
6754110,Success
4142720,ImportError
7939970,Success
5154370,ImportError
4040127,Success
7983389b305e55da5b27,ImportError
7db6b020aca0aec5f835,Success
bfb12cc3b15d6a22cf48,Success
4707291,ImportError
267391562bc96959eb41,Success
6568037,Success
5730770,ImportError
98675769952ec7538d6a,Success
b16f018119ef3fe951af,ImportError
1fddeab0d96f0c8c7bcc,ImportError
3895832,Success
adbf105e0e3d213d4ea0aa99fe03b85e,ImportError
af5564406afb1615a7feecea0b721714,ImportError
3849217,Success
5222560,ImportError
6dc544dc36367489c89f,ImportError
7f3a0c8284b7447b4912,ImportError
8505413,Success
5565622,ImportError
7744008,ImportError
a0816d8fea4394baf732,Success
7207829,Success
7491340,ImportError
b502e5d864b283a3b493d27abfaf6ecb,Success
5774063,Success
5297716,ImportError
9226843556995d7f054f,Success
5735205,Success
a5331c6ef8a205b32125,Success
5a68328ac005b28d99c8c07bedb3f7ba,Success
6115006,ImportError
4287421,Success
8149157,ImportError
5258588,Success
7149445,Success
7337391,Success
3945903,Success
6316715,ImportError
2aae6d164ba7abb1af8017c50af321b3,Success
1a0aeb7a65a47aa29346,Success
4079263,Success
7273731,ImportError
9146611,ImportError
4721134,ImportError
4036350,Success
11268277,Success
6030453,Success
4d869d71f21913da7b85bbb230a45e48,Success
8982799,ImportError
7208850,ImportError
2a4a0f9b525096633ca2,ImportError
3ca32ae11d9635372853,Success
4556336,Success
1b4475f214cf246e246ee3e7d143d843,ImportError
0cbadce5816b6ab10eb2,ImportError
b02010db05645b667cae1231832bfa39,Success
c4c90987224150e4a0b2,ImportError
11407276,ImportError
7085125,Success
5282837,Success
6177685,ImportError
438743900728e61eaaa9,Success
2c575c5932b411b589a5,Success
7554598,Success
5714371,Success
a99dcf43ec16fc49e737,ImportError
4026131,Success
2b8acb9f9c0f22753eaac227ff997b34,ImportError
8db51717c3f24289626b8e0b6779ba9b,Success
9493633,ImportError
5320942,NameError
9782904,Success
8437653,ImportError
8153408,ImportError
c6b1129a4c9100ab5184197d1455a6bd,Success
9591029,IndexError
10261431,Success
8269788,Success
4497178,Success
acc2d632db3e8c0dfeaec6ccf52252a2,ImportError
3436116,ImportError
a36e2399418d8bdb18e649d4b8f698db,NameError
9244363,ImportError
6895643,ImportError
6069838,ImportError
7c37bfb5453e8353f3c6,ImportError
5501553,Success
7d86ba07f0cdccf0e300,Success
a6ea9d3a8da49b1a10cd,Success
5878415,ImportError
6730886,Success
6af8a1afc771ad76d463,Success
6055894,Success
5347810,ImportError
4434836,Success
5957573,ImportError
5799103,ImportError
5328511,Success
11248623,Success
3ddedf1e5e02a448607f,ValueError
6419144,Success
5625346,Success
10394248,Success
5327337,Success
7970903,Success
b670285f334acd56ad1c,Success
5812039,ImportError
4126646,ImportError
0b8b4aeea00ff3abf3bc72a9e9d26849,ImportError
4443997,Success
b3f876a2c35832159ef6,Success
6195905,Success
4662375,ImportError
3712562,Success
4462221,Success
4110923,Success
9521126,ImportError
6301366,ImportError
8042835,Success
8306732,ImportError
3c531dfa26409e52d42a0ca69accc2cf,Success
1bcbcf2dcc224e48e1408b9300c37517,Success
a46eaea2a9fe11fdde96,ImportError
8002349,ImportError
3979133,Success
972496588bf69fbfbd98ed6b01a3c8a8,Success
a517ef06aa523c915bd7,Success
8163233,ImportError
9014184,ImportError
8101481,Success
5478083,ImportError
7bd794314972855dc4b5,Success
a91b7f270232570332f5,Success
7873635,ImportError
5639728,ImportError
b1f427accdf7438606a6,Success
8586195,Success
5777474,ImportError
7762552,ImportError
3cc4a45b27ce8f4593b2,ImportError
7096133,ImportError
c4ca2e183c3cfb3b93e0,ImportError
1c948ca2466aaeb5de395743f1555e19,Success
6209575d588f1584c374,AttributeError
7981202,Success
5577181,Success
b7b3b5a105bcbe43de06,Success
5096365,Success
5ddf6c4c63e4024baf3a2cef34dda350,Success
8304062,Success
8340312,ImportError
4974696,Success
a7eedd20d7b810bd1847,ImportError
9044051,Success
6989591,OSError
7950536,Success
7688999,Success
b51a9cabd41edae990fd6e844f10ef8e,ImportError
10248320,Success
ab89ed13e2e52830aa6c,ImportError
0b677738a4b5648d307c,error
05dd147882be00adf555,Success
5857437,Success
6507798,ImportError
9010523,ImportError
4911296,ImportError
5066745,ImportError
8c4e45ea2ba2ed497eb0,ImportError
3f94abcb9b8c862776c3a2e2d7da43ea,Success
3922694,Success
10939933,ImportError
3cb0561707fd2ca1f176,ImportError
3759608,Success
3732305,ImportError
5736212,ImportError
6724040,Success
4733403,Success
8329584,ImportError
3363569,Success
8498186,Success
5596840,Success
7a2fdad52c1d33ef227b,Success
4fc6d081f53eedb9a4c4,Success
4250684,Success
8426512,Success
acf82efce8cab97de518eb5c6f303a95,Success
5668125,Success
5697511,Success
5970131,Success
bc86eed5db55079609da2e71ba3e1ac3,Success
2f41c85ac5296eb518e19aff9ecc7086,ImportError
4320815,Success
4137305,ImportError
8eeb01a5e0db704521fa37b125c2861e,ImportError
3883369,Success
8232624,Success
5993501,ImportError
3302754,ImportError
5cd4dceb9e4f40d110ef,ImportError
8598463,Success
9048859,Success
a3a75a397db092d7a70bbe876a6fb817,Success
1cdb49e8360d4c1ac8bea877c252aed3,Success
3856835,Success
59822386806c9ae9199b,Success
7829288,Success
7f5124f9992038d6c1ed00e1ed52772f,ImportError
6d3905b46f0aadea5fdf698558698a5f,Success
3519272,Success
5622563,Success
4bc8ed06643e077fa620,ImportError
a44eea84272123f608dcf737588cdfa7,ImportError
7440475,ImportError
5232156,Success
4267659,ImportError
b953c4d026381b4ac5cc,ImportError
6559771,ImportError
a967e0587d6e01e889fd1d776c5f3729,Success
3907181,ImportError
8514907,ImportError
3773703,ImportError
5c377e53023d0d108704,ImportError
5436496,ImportError
8794104,ImportError
a6642fc03be5db338c71,ImportError
8502095,ImportError
7a9df4510d7a4473eff1,ImportError
6103966,ImportError
af82990e1bc3d29fc75b,Success
8363131,Success
3313617,ImportError
7887214,Success
6d6ebcd66b6775dae41477cffaa601e5,Success
5454270,ImportError
4077509,Success
8b8e973b00eecdeefd4f,Success
4c501fc99acb75852756a4d1dfc8ca3d,ImportError
4341878,ImportError
4663638,Success
5476544,ImportError
8391840,ImportError
bd04bad3cd231474763b873df081c09a,ImportError
9434580,Success
4160894,Success
8891061,ImportError
0f0de19c35141be3c355,Success
8332191,IndexError
5876128,Success
9454233,ImportError
9424144,Success
7d33894acd9d55412e1f,Success
5cb8f880ef79b2db3c63,ImportError
6676389,Success
10506122,ImportError
5367272,Success
3813659,ImportError
6552301,Success
5158506,Success
b1aa2c0f604ed92b9b3afaa6db18e5fd,ImportError
3428880,Success
b03ed5333dcb6337dfc2,Success
b18ecbe697b053b1eb7c,ImportError
4022368,ImportError
6146951,Success
4465839,ImportError
4307382c9faf03b54b9a,ImportError
3e304f2d510bdf4d2433,ImportError
bf13d9ae78d404e921f4,Success
1c4a763c019ab101fc6e,ImportError
01f3c4a3247218cdbc7b,ImportError
1c3385802888f467c206ab2fdfbba4ef,ImportError
3836713,Success
aa54be7993ca6b2d484cccf5a2c5c3d4,Success
90551408b4a99c1149ee,Success
8363539,Success
83936127a85dc8685af757cbbd1be846,Success
10010792,Success
3971394,Success
5727795,ImportError
6136225,Success
4b5a9942b6afbfc2534f2f14c87b9b54,ImportError
4adb7445f9f90b387f5b,ImportError
3760940,ImportError
5098835,Success
3480749,Success
5430536,ImportError
5011449,Success
2fca1de64950d5dfed72,ImportError
a707a5d0bf5bc21c8142fb9252fd5c68,ImportError
4498350,Success
8005564c5d3711a0e5476dbfd18d8acf,ImportError
b39e33ae706eea08ed345683a4499914,Success
3760188,Success
5485111,ImportError
5187964,Success
03f46cb24dcf4127d6fa66d08126fa3b,ImportError
7688353,Success
b91aeb49abb53408d53cd58f94d4408e,Success
10127602,Success
4152356,Success
3767366,Success
6b572512ef53cfc6bf949afdc8eb6720,ImportError
4761013,Success
3922633,ImportError
9757463,Success
4319301,Success
6540433,ImportError
5652824,Success
5896360,ImportError
6dcd7c363330a8391dbe,ImportError
5543145,ImportError
5531565,Success
7813189,Success
8832388,Success
5b4bbfcf464eba4f9e82,Success
b784796793423a3fe8afe2de5e36b289,ImportError
4688053,Success
4dffc81c336f8795afc910b50e026366,ImportError
5296492,Success
4b8a996c90ecf7e86e2a,Success
9031697,Success
25752764ac41d641a5a48d5c58df061e,ImportError
5d7f20ea0453a2d4642d,ImportError
7539105,Success
1af29df692a911a688c9,Success
7b05bf0b0409ae57ce7f,ImportError
2cf6eecaf382af7b08b8,Success
5771635,ImportError
4033530,Success
7777304,Success
5641314,Success
11178777,Success
8dbaadedd766c5200f5e,Success
b3a6f0093ddb1635b39279e9a539ca21,Success
5571591,Success
8de35523570c82eabfdb,ImportError
5448901,ImportError
3491924,ImportError
a6c9b5119d418a65d489,ImportError
a7d3994ad761e6085bdf,ImportError
5026988,ImportError
5088322,Success
10100394,Success
8413981,Success
34878448ab45dfffffa930f5cf8c252a,ImportError
60184206498c91efda0b,Success
11355707,Success
4662837,Success
06b38554103aa7120337,Success
7f6d07c4ac01c642ba548b9f37a2d30a,Success
5f17d09387755ba913a9,Success
5255716,ImportError
2f54fb1f1b8c4fa21abb2943530e8661,Success
8a19a90c038c6a79da6d10f5528908e1,ImportError
5338856,ImportError
3570563,Success
6c9ca8de8199d5430621f481673d4baa,Success
5546779,Success
6331661fe0185c30a0b4,Success
a0b5941b3cbf5aeb01da,ImportError
9044787,Success
b947c442241ad44224cc,Success
3813714,Success
9488399,Success
3763682,Success
6098281,ImportError
6496910,Success
6796103,ImportError
8051599,ImportError
3f41a5d7b1c0cadffb5f,ImportError
5433031,Success
4131747,ImportError
4026444,Success
8191098,Success
6040400,Success
1b7dd9b491d45a1c0fb1,Success
6a5ad112559ef1536d0191f8b9fe8d1e,Success
3612552,ImportError
6907041,Success
b0cad4009c5702889979c82f6473c7b3,ImportError
7500554,ImportError
3412602,ImportError
9182185,Success
bfc4c610fd449debb3aa341863145bea,ImportError
9604598,ImportError
b940caf6cba552527613c1f93e26cc80,ImportError
5cfc2840bd49938781a5,Success
5692543,Success
5710499,Success
5b52b9a79d2ecb1e7015,Success
8202106,Success
a7eb492db4f35b66e591,ImportError
4186007,ImportError
a39e0fef4e15d2ab04b5,ImportError
9331029982ae165bbbeb,Success
4320531,Success
6391189,Success
3994116,ImportError
8435287,ImportError
5938736,ImportError
ac8c32e90ba33e01624e,Success
3687519,Success
10356841,ImportError
0cc92989309e4e8e1490207008c7c58b,ImportError
3417915,ImportError
0f9efb6413afec636fbd,Success
5798134,Success
6690910,Success
5990802,Success
b82744a07d8c723b031a,Success
9054310,ImportError
10599941,Success
6caa622be083f97b8c5c9a10478ba058,ImportError
7604940,ImportError
5b0da2742dacdc095358,Success
4e98ebe2cf29c0c2c232,ImportError
5562741,ImportError
7113929,ImportError
4734557,Success
6587375,Success
3724747,Success
4062303,ValueError
0ce7071389e6ccb229b4,Success
0aefb027d3e1cf9e3e778034fbfb2fb5,Success
4026625,ImportError
4018277a08d3f6de9e74f11a3f913e78,ImportError
3488254,Success
0c98c9de10b796af69b1,ImportError
6546281,Success
5202673,ImportError
0b2873711e49ab07fdac59b9c5e640c6,Success
6020779,Success
4576470,Success
3909990,Success
4438713,Success
7affd78213242d642451,ImportError
5849843,Success
4ffde3335d1479a9abf0,Success
8833720,ImportError
5178812,ImportError
6333174,ImportError
7784506,ImportError
6302010eaf3fb5d25359,ImportError
5299537,Success
10091097,ImportError
3eea00490d188ae4e4ca,ImportError
5004886,ImportError
bad5496b52161449f6de,Success
9595956,ValueError
5341461,ImportError
5511276,Success
5212412,Success
5828414,Success
b4ca5d0de63950cc5349d4802d22f3f0,Success
4066792,ImportError
4327983,Success
9916671,AttributeError
8e9a70d4998bab533a4139ee145f84a4,ImportError
a6414149a5a09ba1ebf702ff8d5056c5,ImportError
5130355,ImportError
11229750,Success
3806234,Success
4280187,Success
c1feef2bf7a3a014178c,ImportError
3db1205331d0f6195b01,Success
8675494,Success
5584007,Success
4560318,ImportError
7213533,ImportError
4034379,ImportError
5087533,ImportError
5998837,ImportError
6196634,ImportError
afe1a985df8ebb2207a0a228bb17a4d0,ImportError
7f2d9b3d0f3eb7c15c197f13d4335dbf,ImportError
5dba231746499e11d5c916162c5cc51e,Success
5473521,Success
4337527,ImportError
5515473,Success
0a58c7e958c1b317f64a,ImportError
10796230,ImportError
3915904,ImportError
8290369,Success
6694512,ImportError
4219558,ImportError
7295567,Success
4047223,Success
1ba07d81d010b653f92d,ImportError
3894835,Success
bf27da3f38272a76c801,ImportError
6216128,ImportError
6044294,ImportError
7293456,Success
ac6108fa8740c325892b,Success
6e4e406b07f52a68d961,ImportError
6174914,Success
5128702,ImportError
6519378,Success
573013949d3c7b8ff158,Success
956145752a649054bd50,ImportError
8827718,SystemExit
4455373,Success
008e24537ddde7db528c,ImportError
bde20305e90349637b6a,Success
6452556,ImportError
9277056,ImportError
3761923,Success
0d4b87c82cfc1eb99570,Success
5185318,ImportError
7901011,Success
7228586,Success
5048768,ImportError
5252169,Success
5642563,ImportError
7cf6d5409e8cec1497ff,Success
3908817,ImportError
3847063,Success
a49c663237e68822dd4816e99534ca72,Success
3988344,Success
a53eac1eea4da887cab9,Success
8d28f25dde94a09ed92c0a66b9e8f376,Success
9574294,Success
3a39c61d11f3cacf4e58,ImportError
9492439,ImportError
9108384,Success
10575939,ImportError
9310828,ImportError
3603279,ValueError
6947104,Success
3783860,Success
4435253,Success
6823954,ImportError
9221084,Success
be23f2c761e4ff74aa33,ImportError
8534620,Success
10016188,Success
6262053,Success
4059125,Success
b0b488b5a5257223ed53,ImportError
3535131,Success
3e7f72315185dd29201f,Success
11268759,Success
4254501,Success
4084043,ImportError
6fd21c812ef6ebac66e1,NameError
3906915,Success
5437866,ImportError
a22e1834d7cfc46eee2a26cebc6f817b,ImportError
1a427e2f52444f45280f30215d5a92d9,Success
3746767,Success
c1cbf4de3c576fc21241,Success
5638389,ImportError
c2cf6ea6cd14897e39619b231f394c3c,Success
8d63f5cc91c6837a42b3,IndexError
5978228,Success
6184956,ImportError
5776683,Success
6656495,ImportError
7246798,Success
7893756,ImportError
6555809,Success
5743138,ImportError
8858213,ImportError
4214222,ImportError
4090682,ImportError
07c5bed2c94270c959c56c403396476d,ImportError
5539628,ImportError
b3b4189120d84dec8857,Success
4ce7b1786c7348f30c90,Success
4942025,Success
3fdc080258fc53bcd3fa,ImportError
9144662,ImportError
6045740,ImportError
3788413,Success
8465161,ImportError
6a8fa7814efb6c8ad783c3c76c791c4c,IOError
4637864,ImportError
6ea5e34027be3aace7de369c701ab8e2,ImportError
3f22c5ed5dabf1815f16efa8fa53d476,Success
10189916,ImportError
8187958,ImportError
10298077,ImportError
8580720,Success
a0514b2e283a882d9ef3,ImportError
4074431,Success
3754055,Success
a7cede3a708e2365b5a1,ImportError
3a4cbfa7b156555dd4b0,Success
3723597,Success
3486590,Success
9337839,Success
5787586,ImportError
1f2dee0dfab16818194aab095cfe42f9,Success
4514450,ImportError
7c00810b58fd073ec843,Success
6cfd1d1aafee0253b43b,Success
9507969,ImportError
5097365,ImportError
3549449,Success
4650991,Success
5504767,Success
5793172,Success
5770925,Success
0daed253f4c4ebce25c3fdac8f3cf0d3,ImportError
3862093af36a1aeb8104,ImportError
3f0fef5c58f8f467c196d6977b7728ed,Success
4602717,ImportError
8257108,Success
4541209,ImportError
5665586,Success
6198167,Success
1ab4f07568b380f8c42636b3ab8d2dcc,Success
6d2be801010c7eb844f0,ImportError
aa90d023ae0f7662919f,Success
3805075,Success
2862667822af7fae8b55682faef029a7,ImportError
