id,initial-eval,final-eval
3797445,importerror,keyerror
4345741,importerror,success
7d2fa751b0b7af8c90e2e15a38d64c4c,importerror,success
8512102,importerror,importerror
b21e142b529a958ab6413e92bca39e17,importerror,typeerror
3965052,importerror,success
9749639,importerror,timeouterror
8dddf5b924588184b0568ca98f827b8b,importerror,eoferror
3907846,importerror,success
4902819f17218340d11f,importerror,timeouterror
7beb9dd4829844177cda5d529ab4c687,importerror,valueerror
3880042,importerror,indexerror
2db123b4e1bd8dcca5c4,importerror,timeouterror
7d9f439a6eb16dee7fee,importerror,success
ad764996ef26a5b1eea7,importerror,success
a9d0767b1b262923f85027105a5eb968,importerror,success
5641933,importerror,importerror
6356555,importerror,success
4061368,importerror,importerror
8ee1922ac2e77f5b0c03,importerror,nameerror
8faaa57891318aa438db4bff10b347df,importerror,syntaxerror
7fba03376d75c83bbb55,importerror,success
10017416,importerror,success
7319733,importerror,importerror
11189694,importerror,success
7430052,importerror,valueerror
bee7007252a72f52751d,importerror,importerror
b41dd8e544bf0e3980c971b0d015f5f6,importerror,timeouterror
ab4de1d15d9f8b2b461bbd05c8c035ea,importerror,keyerror
4550560,importerror,ioerror
7885684,importerror,nameerror
9082229,importerror,success
7622401,importerror,valueerror
4659409,importerror,importerror
7525439,importerror,urlerror
c4d4632afb8176321385,importerror,deprecationwarning
5041434,importerror,success
92653913a53baf9dd1a8,importerror,attributeerror
6684739,importerror,importerror
5363149,importerror,success
4644918,importerror,indexerror
7783958,importerror,nameerror
5892603,importerror,ioerror
8593929ed02435aed107,importerror,connectionerror
5049438,importerror,timeouterror
7595164,importerror,importerror
1bf1d58f30e66639ff44,importerror,success
3497868,importerror,keyerror
03e309b89fd9a74af1dd41344b7c5c70,importerror,importerror
c3d8b8f44d5a95aae1d0,importerror,webdriverexception
5468929,importerror,success
b0dd93e71ff18303c059,importerror,connectionerror
6757242,importerror,typeerror
6edb75862c3a2bd0852e,importerror,importerror
3a48795cb75df6d1c903,importerror,apierror
bfe8b20c80e6f09c7105,importerror,attributeerror
c1d9a654fbe6a4c12775e68ea1abb95a,importerror,indexerror
ac4ddd68417d7641135c,importerror,tclerror
8646606,importerror,importerror
3717117,importerror,importerror
9664407,importerror,importerror
c0f89988837b9f8de9f1,importerror,urlerror
10301506,importerror,success
c5d808a293b2ac69b11f430530da210a,importerror,ioerror
4c1a732385250c78febfcdd73b0aa1f8,importerror,tweeperror
6925159,importerror,apierror
9640659,importerror,indexerror
5328876,importerror,timeouterror
4083086,importerror,syntaxerror
ae83bd0367cc1bceeb6a,importerror,importerror
6092751,importerror,success
8a6fa49253c1d6a0eb92,importerror,importerror
3798896,importerror,webdriverexception
a4166c7fe253700972fcbc77e4ea32c5,importerror,importerror
10589500,importerror,importerror
97694490d2ca368e7141,importerror,tclerror
4264117,importerror,importerror
7abcc7ba8a0807161a5903e7f4aa3633,importerror,nameerror
9936000,importerror,attributeerror
a544863c53adeeae7594,importerror,ioerror
2b0f9d99e49e49a07e59c45496112133,importerror,timeouterror
2af0d71870427c6bdfd6,importerror,success
a8b5632f23e75b311df2,importerror,indexerror
3ec7f0791145b008589c,importerror,success
7542961,importerror,runtimeerror
8113011,importerror,importerror
5213919,importerror,operationalerror
9972970,importerror,ioerror
5498503,importerror,importerror
c1d1c9394335d86255b8,importerror,success
c5cf33de5f4bfeae6ca5,importerror,ioerror
4284956,importerror,importerror
8664997,importerror,timeouterror
2a097e4f2671bbd84b07,importerror,success
2bc82e704f810b4b96dda4188646256b,importerror,eoferror
4356539,importerror,ioerror
5dfc85fcb9b23e9cf9f08e9b4c143889,importerror,attributeerror
3342719,importerror,timeouterror
5756660,importerror,importerror
6383054,importerror,nameerror
75071170d3b96ebe4493,importerror,ioerror
5015986,importerror,success
3b89ce91d065851b292a,importerror,importerror
4172259,importerror,timeouterror
5178632,importerror,indexerror
b440f3be67897222cdc4650db510e262,importerror,importerror
9292787,importerror,valueerror
bb55d9976f67d452edc9,importerror,attributeerror
5104171,importerror,success
8471944,importerror,success
5847732,importerror,typeerror
4598940,importerror,syntaxerror
3850232,importerror,indexerror
4643396,importerror,timeouterror
a45351496736ef389b9f,importerror,success
0f347c8d789402a09f2e,importerror,calledprocesserror
9672335,importerror,success
ac8e222081f63ba64e93,importerror,success
4583104,importerror,nameerror
6260748,importerror,success
5595766,importerror,importerror
5469663,importerror,eoferror
5415120,importerror,nameerror
6028397,importerror,timeouterror
9205262,importerror,success
2f0c0330cc2cd0910040,importerror,indexerror
b11b38ffea4feb3a3f3299e555d72358,importerror,sslerror
4538011,importerror,success
2ad53310dc1b1a70e556,importerror,success
4032651,importerror,success
a200a14ae763ddec505d,importerror,importerror
ae987fe4f6fbbd9ca415,importerror,timeouterror
04b868dc93febab3a355,importerror,valueerror
b75b6b6b8382a95aa6da,importerror,importerror
8499335,importerror,success
2e003acd6f10b902d09e96b6f754d31a,importerror,syntaxerror
6f390e6d2084ededadcd,importerror,importerror
8b967950ceeabec7d920,importerror,timeouterror
5519665,importerror,importerror
7455804,importerror,keyerror
8641880,importerror,importerror
6338329,importerror,importerror
4751549,importerror,attributeerror
4527458,importerror,indexerror
4700585,importerror,apierror
10682964,importerror,importerror
8683398,importerror,timeouterror
3aa1338b9f4a27b73270,importerror,importerror
8443477,importerror,importerror
bb73f21ed2f3b46bc1c2ca48ec2c1cf5,importerror,importerror
8546413,importerror,indexerror
a6dd67e7fbaaee82c856,importerror,importerror
3887143,importerror,importerror
3737658,importerror,importerror
11098915,importerror,importerror
4583843,importerror,importerror
6262190,importerror,requesterror
7344485,importerror,noauthhandlerfound
38188860d2e0a55e17f727bab7ed1dfa,importerror,importerror
8752800,importerror,timeouterror
7961833,importerror,importerror
3496039,importerror,nameerror
5817536,importerror,success
7482313,importerror,success
7547536,importerror,runtimeerror
5abcccf808a571e13188,importerror,importerror
5834912,importerror,attributeerror
ae7ca6d8128f02e306db,importerror,webdriverexception
7787682,importerror,importerror
a9831c0eb827eb9ad237,importerror,importerror
3a59f0b893508882f889cbdc8bae2732,importerror,success
5730750,importerror,eoferror
6e79c10f73c33bba4769,importerror,valueerror
6349451,importerror,success
9248573,importerror,importerror
8496696,importerror,timeouterror
11005158,importerror,success
7078605,importerror,oserror
5811604,importerror,importerror
5396595,importerror,importerror
4652052f5e2e57b4b566,importerror,timeouterror
b900be34c58b1f3fa7467b4876f2b5b3,importerror,keyerror
7466392,importerror,eoferror
4238388,importerror,timeouterror
8225010,importerror,attributeerror
8462449,importerror,importerror
7432419,importerror,importerror
11219604,importerror,importerror
6358780,importerror,nameerror
9556250,importerror,timeouterror
5bac77d4b97d66aac795,importerror,eoferror
7d983878dc4c5fcacae57e4446008a06,importerror,typeerror
3773572,importerror,importerror
7680118,importerror,importerror
5970188,importerror,importerror
3376839,importerror,nameerror
75297864abef5c8f2d5c134be2656023,importerror,timeouterror
3594679,importerror,importerror
6543051,importerror,typeerror
5550922,importerror,importerror
00c8d9dfc21591a0de16dad7a8737c3b,importerror,nameerror
9167711,importerror,attributeerror
5183375,importerror,importerror
5563131,importerror,success
b475ea8cbeef36cff13c2c960e434728,importerror,importerror
6320204,importerror,indexerror
126809316081f253a3a6,importerror,nameerror
4beada26540a28e850b3b5d7c1a662ed,importerror,success
7dbcaa7c22297fe1b303,importerror,valueerror
4559303,importerror,webdriverexception
5358677,importerror,attributeerror
4151154,importerror,success
8363143,importerror,importerror
3680055,importerror,success
bb8ca0e37829b4722dd1,importerror,attributeerror
4070538,importerror,success
4212647,importerror,oautherror
831466014367f4e90470,importerror,indexerror
adf6bff70142e5091792841d4b372050,importerror,success
5849320,importerror,importerror
9a7ae9813311ec1c6f7c0b0ca622d006,importerror,syntaxerror
8268816,importerror,indexerror
5149052,importerror,typeerror
6468956,importerror,webdriverexception
8d26ca1fc93fdb801b2c,importerror,deprecationwarning
5575659,importerror,typeerror
5072534,importerror,success
8d51f5b40032f106a847,importerror,importerror
5091799,importerror,importerror
8265164,importerror,timeouterror
9672884,importerror,timeouterror
02b1a5a8899b67df2623,importerror,nameerror
ab7966e7ab1c441f947b,importerror,success
5097469,importerror,importerror
4468794,importerror,importerror
5228086,importerror,typeerror
6d08b94ca3e80d3ed0bb3c7172fae21d,importerror,indexerror
bfa34ce30ce0ee8d585e,importerror,importerror
5678355,importerror,importerror
4fcc91986b61a1019212,importerror,importerror
3318684,importerror,timeouterror
181979298149c5e74887f30fe09dcc71,importerror,importerror
7953904,importerror,success
6364314,importerror,importerror
aee21a9f0376ca410f1a,importerror,importerror
6955167,importerror,importerror
3379016,importerror,timeouterror
7e3e5b83b605e3c05b9f3ed9315d8814,importerror,importerror
5164171,importerror,nameerror
4409500,importerror,success
6166111,importerror,unicodeencodeerror
b1b795309a217d24566dcc0ad136f784,importerror,valueerror
0f3886cbf1ce158e913e,importerror,importerror
be08155018c47eb1ad9a4ae60da1713d,importerror,deprecationwarning
4686113,importerror,importerror
6046463,importerror,success
5691805,importerror,success
8876217,importerror,success
c4dc45825a322881a9c1b300d70c3941,importerror,eoferror
4773365,importerror,success
5083450,importerror,success
2eafdc75d89236018cbf9e6e57bc1885,importerror,attributeerror
4ff85c8c4f68aa105f4b,importerror,timeouterror
8d931c29cf4562851ece7e39b7ec3b3d,importerror,importerror
4221658,importerror,success
4a5fe88be8923bea19c02e5641be33b2,importerror,indexerror
6875810,importerror,importerror
9086391,importerror,success
6521272,importerror,connectionerror
4af649ff88612b2de7c7,importerror,ioerror
4156970,importerror,importerror
5555656,importerror,success
5525713,importerror,success
b7387465690217e216f7,importerror,syntaxerror
8f7289497f40ad442a30,importerror,syntaxerror
3403846,importerror,connectionerror
a3bccad40610b9b69803531cc71a79b1,importerror,importerror
6c34a844a9b8f36c3aceb932f047ecdd,importerror,importerror
9559417be673c602450c3ac77a068a3b,importerror,importerror
9537244,importerror,webdriverexception
7836469,importerror,timeouterror
6d7b0ee3e137df01b758,importerror,timeouterror
8591914,importerror,importerror
6049407,importerror,syntaxerror
4080397,importerror,timeouterror
5a861be2e53044da9a3b8f5eaef52739,importerror,success
a6d01148cc5ef24e2c93,importerror,timeouterror
6658881,importerror,indexerror
5160757,importerror,importerror
8021797,importerror,importerror
8593472,importerror,importerror
a3f9dd3051411911fddb,importerror,importerror
5435041,importerror,keyerror
10030736,importerror,success
8143434,importerror,eoferror
3975990,importerror,timeouterror
7a4989490300d1298ba0,importerror,keyerror
8205663,importerror,importerror
a7c10195b2626c78009bf73bcdb6db20,importerror,nameerror
4695348,importerror,success
4495443,importerror,timeouterror
4e9362acdc5db33ae16c,importerror,attributeerror
5a2e0cfa638c938cca59,importerror,success
5385305,importerror,success
4118143,importerror,importerror
4567883,importerror,tclerror
7781996,importerror,timeouterror
6284899,importerror,syntaxerror
7164197,importerror,importerror
b0aa5cbfa42f4eb23eb9,importerror,success
a82ea6f919feadc3a229,importerror,success
4043938,importerror,importerror
4437883,importerror,success
4171988,importerror,nameerror
4671155,importerror,importerror
3761495,importerror,nameerror
3903347aa7da1d928b81,importerror,importerror
3740711,importerror,importerror
4536824,importerror,urlerror
5071967,importerror,indexerror
3b08730d4ed31ae18c7d,importerror,typeerror
4531202,importerror,typeerror
afeda8fe80534a832607,importerror,importerror
a80d95d0d14949b6584e,importerror,nameerror
5491316,importerror,success
113909994e7c83cb39bdc4b06702a0ed,importerror,success
4578664,importerror,importerror
5263501,importerror,nameerror
b77f6d62a595ae329e41,importerror,importerror
4573849,importerror,ioerror
5903069,importerror,success
7554134,importerror,success
9037367,importerror,typeerror
5952263,importerror,importerror
4137338,importerror,timeouterror
a1bc540925054b71e1a7268e50ad55cd,importerror,valueerror
1eb881ccf199d4aaa2097d87f93ace6a,importerror,success
aca5700b6b5a929c41cdbb2f648e75bd,importerror,success
5158737,importerror,runtimeerror
5934449,importerror,success
83118249d7930ef7dfbf,importerror,success
4619288,importerror,importerror
8249581,importerror,eoferror
6015546,importerror,syntaxerror
4130373,importerror,importerror
6905036,importerror,importerror
5947342,importerror,timeouterror
3719516,importerror,timeouterror
bc8649d647240ef14311,importerror,attributeerror
3913945,importerror,syntaxerror
6880761,importerror,importerror
3efcf6273608f2c580439187e5ef77d0,importerror,typeerror
4076413,importerror,importerror
4700640,importerror,ioerror
9774415,importerror,importerror
5479539,importerror,importerror
4754935,importerror,attributeerror
7878487,importerror,importerror
1b9f662111f119fabaaf,importerror,importerror
8498541,importerror,attributeerror
4066688,importerror,importerror
8771803,importerror,importerror
b41bded95e9a5057307e,importerror,success
7305650,importerror,importerror
1a41b52b410b197e9cbb,importerror,httperror
6975370,importerror,attributeerror
4358735,importerror,timeouterror
5600003,importerror,syntaxerror
5623047,importerror,importerror
5246248,importerror,success
8052855,importerror,success
9039435,importerror,importerror
11254080,importerror,eoferror
4119604,importerror,syntaxerror
4317095,importerror,importerror
5521999,importerror,timeouterror
bc7cc401e3603a848a4dec4b18f3a78d,importerror,importerror
8e1dd8c1d2ef54cabbde,importerror,importerror
bd08d9b447eedff52dff,importerror,ioerror
11310679,importerror,nameerror
8600384,importerror,timeouterror
c1cd5c37acde6bce4fc1,importerror,apierror
b4994c605f76d528d0c4,importerror,deprecationwarning
3873524,importerror,attributeerror
6165148,importerror,success
a5a13976f2c6fe1ddf2db2413c9971d0,importerror,eoferror
1a8ce8715960ff1a1bd1,importerror,importerror
9532763,importerror,indexerror
8e2e3c12d7a1aeaa4ce2,importerror,tweeperror
7059339,importerror,importerror
2fe3c30b2b848a9e199e591ac3485adc,importerror,success
7655467,importerror,success
5694151,importerror,importerror
4e917414cfb191391f9e51f6a8c3e46a,importerror,deprecationwarning
6b4d22eaefbd66895f230f68f27ee586,importerror,deprecationwarning
ab2cf3c2d54c40b05478,importerror,importerror
2c451bc515c6b8740b59,importerror,timeouterror
3af3a75cac4358e3b54d,importerror,oserror
4988471,importerror,success
6442846,importerror,importerror
7404391,importerror,connectionerror
b6063fddff863b8e9405e519d38c3c9f,importerror,unicodeencodeerror
8142788,importerror,importerror
5381509,importerror,timeouterror
a3cc41690c69bce02ed3,importerror,success
5928841,importerror,syntaxerror
9543963,importerror,connectionerror
af7811113a5d1a9a2fe6448954839d33,importerror,addressvalueerror
8668698,importerror,ioerror
7975620,importerror,connectionerror
1d2577af55c8320ffd6a,importerror,nameerror
5385501,importerror,success
05fb0cefed8b6ba580cc,importerror,indexerror
9439349,importerror,importerror
b5c12c380569b1a1262ecd77728d0647,importerror,featurenotfound
6626341,importerror,syntaxerror
bc34513e2ea72dc0890ad47fbd8a1a4f,importerror,importerror
ae99bf4ed48961060729,importerror,valueerror
5733076,importerror,success
0cc7b2804252975d36dca047ab7729e9,importerror,nocredentialserror
4b85ea44481f518cf157,importerror,nocredentialserror
4137880,importerror,timeouterror
10018416,importerror,importerror
ad45831a2fb73f537a79,importerror,indexerror
4963950,importerror,importerror
4243582,importerror,syntaxerror
8bdb1092579041ce739c,importerror,success
4cae51e123b596d5c60d,importerror,deprecationwarning
9561148,importerror,success
0a1a870e02ee501e6549,importerror,tclerror
3928813,importerror,timeouterror
1b321eb535a7cd3693d08a695a763595,importerror,importerror
7cb81022d73ab55ad1712e3432113889,importerror,ioerror
3556495,importerror,importerror
7794909,importerror,confignotfound
6fb8c0e8932135bcff25,importerror,importerror
6374644,importerror,importerror
4486946,importerror,sslerror
6722656,importerror,indexerror
5394702,importerror,importerror
3535568,importerror,webdriverexception
aaccdb7972e1a7ed094b,importerror,operationalerror
4d0ffbad002e5a3cade8,importerror,deprecationwarning
3e66afdeedcb70ab0b34,importerror,success
4116558,importerror,importerror
2bad212a3b0571357e1b,importerror,importerror
5376677,importerror,nameerror
6333170,importerror,syntaxerror
5650699,importerror,indexerror
7105045,importerror,valueerror
6681098,importerror,importerror
6064607,importerror,importerror
8586671,importerror,importerror
3604327fe9946618ebdc,importerror,success
6ebc60cd3450478c7fc4,importerror,success
5821166,importerror,syntaxerror
4154786,importerror,importerror
7009301,importerror,nameerror
4188305,importerror,success
0eb66cff9c2cda44c6a2,importerror,success
0ef13930d561e42b9b213cadecfcf7c9,importerror,ioerror
5756470,importerror,success
bec33d000e18b47d4656,importerror,timeouterror
4144148,importerror,timeouterror
3350235,importerror,nameerror
b2063941b82f2cf1b935,importerror,ioerror
9052044,importerror,importerror
4662006,importerror,timeouterror
1377427515b37cf1125aa70f937a05cb,importerror,success
1e1ef7fce7aaa67caf4d,importerror,success
1dab9f563fcce7ec66f2,importerror,timeouterror
11130233,importerror,connectionerror
4fd1f246feb6149dd1dd,importerror,timeouterror
6390139c037949f7ea4b,importerror,ioerror
6877402a5705c84dd2ac,importerror,importerror
3481728,importerror,syntaxerror
5848356,importerror,ioerror
ab3b8bc748c0779a53ceed11d46b1303,importerror,importerror
8c70f7b86a69ad25accd198f596fee18,importerror,typeerror
1d03b6d1bc72c28cb856ca8e9d88c08a,importerror,importerror
1c8f7dd37cdf4f2ff544ee3a7b163fbf,importerror,importerror
1a7ae319448db431715bd75391a66e1b,importerror,importerror
5473540,importerror,attributeerror
3353411,importerror,importerror
3925738,importerror,timeouterror
4450031,importerror,eoferror
a214bfee2420960a81e5,importerror,importerror
7839356,importerror,urlerror
5400046,importerror,importerror
aef62f1c1a8e2bf842c225d871d50c8c,importerror,certificateerror
6102105,importerror,importerror
6308596,importerror,success
4147337,importerror,success
6504832,importerror,importerror
2b0ddf6e1178c40c0826,importerror,importerror
5423808,importerror,syntaxerror
3721801,importerror,nameerror
3541415,importerror,timeouterror
8c2eac075fdd7c49399c,importerror,typeerror
3397251,importerror,gaierror
5088513,importerror,connectionerror
4634276,importerror,success
8805271,importerror,tclerror
5644296,importerror,valueerror
3789163,importerror,timeouterror
4551408,importerror,importerror
a3d3c4da11ca1c2d2b84,importerror,attributeerror
5465084,importerror,attributeerror
7898985,importerror,importerror
01c6f26da1a877f0f3003bc776a2311a,importerror,importerror
8446314,importerror,importerror
4151899,importerror,importerror
4520498,importerror,valueerror
3942066,importerror,success
5656566,importerror,importerror
b996cfe2f1d24752f23bd119fdd678f2,importerror,typeerror
8483682,importerror,oserror
8e7fafa7da938cd93695,importerror,deprecationwarning
4720393,importerror,success
4721073,importerror,importerror
8affcf346790c6a0e918,importerror,importerror
3385357,importerror,timeouterror
b3f4e178bcf9957e25a1,importerror,attributeerror
4081568,importerror,typeerror
6135716,importerror,success
6027355,importerror,syntaxerror
3917654,importerror,syntaxerror
8e04e47cc53e38eb1015,importerror,success
5115640,importerror,success
5f01bbbeb998f2c2be89,importerror,eoferror
8469730,importerror,importerror
4435261,importerror,twitterhttperror
8335237,importerror,timeouterror
8374607,importerror,nameerror
1be51b3361c189980457,importerror,timeouterror
5513926,importerror,success
9963226,importerror,success
5768348,importerror,success
5860754,importerror,nameerror
9901460,importerror,importerror
6952087,importerror,importerror
8d925ff960d7e542a9d2,importerror,syntaxerror
4c086895292120480938,importerror,timeouterror
6341150,importerror,webdriverexception
5464753,importerror,nameerror
5919625,importerror,importerror
c0c56b03f8e0095f77db,importerror,urlerror
5b10774dfcd61cdd3f28,importerror,urlerror
8099723,importerror,botoservererror
5291959,importerror,ioerror
3ad81f01efa640a52813,importerror,attributeerror
4a5821699e1ed519a604,importerror,typeerror
5504396,importerror,ttransportexception
5596158,importerror,timeouterror
b005ed5fbc70761bde96,importerror,ioerror
074587354d97d872aff6abb65510f618,importerror,bucketnotfounderror
5722963,importerror,eoferror
7420811,importerror,success
9964456,importerror,noauthhandlerfound
5223935,importerror,success
5096814,importerror,importerror
a0cc7f786e260d57714ce7a414c58403,importerror,importerror
4057289,importerror,webdriverexception
08abaf42930473f9e3e2dbadad5c92fb,importerror,importerror
8311060,importerror,eoferror
4943359,importerror,ioerror
8273330,importerror,sslerror
6472732,importerror,timeouterror
5048592,importerror,edamuserexception
c6de2f988c9d3f01af3c,importerror,nameerror
3cad41a61ee16bcd75235cb0f64c0df0,importerror,importerror
3342913,importerror,webdriverexception
6536913,importerror,importerror
4010535,importerror,valueerror
3fabf65987f4bd2dea37,importerror,success
6928674,importerror,success
4039622,importerror,success
3734996,importerror,timeouterror
9343536,importerror,importerror
5e5758d9c591090291d6,importerror,importerror
8aa7c2d03273da846bf4361236a4f3f9,importerror,importerror
1ea8e1b90bfe632cd31f5a90afc0370c,importerror,importerror
289814198f43976aff9b,importerror,timeouterror
9664264,importerror,importerror
9339727,importerror,success
4595055,importerror,attributeerror
9673227,importerror,typeerror
5236037,importerror,success
5547287,importerror,ioerror
4232700,importerror,importerror
8300397,importerror,success
6108848,importerror,importerror
aeab43fab80d315932b32df0ec862920,importerror,success
b4653e353dba1bab9d9eca9f77086d3f,importerror,importerror
5023021,importerror,ioerror
5267668,importerror,httperror_seek_wrapper
4284938,importerror,importerror
6520420,importerror,ioerror
5097712,importerror,success
4cb859811aa7c75b37a2,importerror,success
5194475,importerror,importerror
3693796,importerror,timeouterror
5311563,importerror,indexerror
7509453,importerror,attributeerror
5000062,importerror,success
abe5c8053852a734c1f6,importerror,importerror
5671192,importerror,indexerror
9947838,importerror,ioerror
7899420,importerror,importerror
c5e7bad33643895c0f0db5e30c97df3a,importerror,attributeerror
7fb058f67a2988cba74957ef2ec013d1,importerror,success
5202233,importerror,systemexit
8557304,importerror,importerror
8271687,importerror,success
8311046,importerror,eoferror
8543562,importerror,importerror
5376099,importerror,success
5350769,importerror,importerror
ae701fd14b2c2af1bf745268d896ca52,importerror,timeouterror
5308280,importerror,indexerror
3380407,importerror,importerror
a273ca1e579ab573b499,importerror,importerror
6000938,importerror,syntaxerror
a94ead037249f497a110763beb08942b,importerror,success
3fef7d2afb2d502e4735be083c9f79e1,importerror,oserror
3739429,importerror,indexerror
5852216,importerror,typeerror
0ef66e0677be32050574,importerror,timeouterror
4d61eb5a42aeaad6ce90,importerror,attributeerror
3bafc3cb05d7c06dd06c,importerror,success
10205889,importerror,timeouterror
6df33e9cafa4d84005bf,importerror,deprecationwarning
4141887,importerror,success
1a0b5442171f9afbf372,importerror,importerror
b8ba315b9a138db73be0,importerror,importerror
6583590,importerror,importerror
4398416c1dd7c29b19f003b903615808,importerror,unicodeencodeerror
2da1ac63976008750c940fa9698919bb,importerror,importerror
a3687b573364f65904e2,importerror,success
5312189,importerror,importerror
7177249,importerror,nameerror
5403446,importerror,success
2d8566cbd500cc738cb20461751bec8e,importerror,importerror
7573627,importerror,success
6a4325220ace587e14a762d093b4cdf9,importerror,success
4dd7943b9e663bb5741d,importerror,timeouterror
b1d8c07b96a8fecb319c7902773f9c0a,importerror,success
7986974,importerror,importerror
bf9ff4f233eb3ae6b727,importerror,importerror
6827110,importerror,success
a61d9cade3ba19487f98,importerror,success
5041037,importerror,keyerror
b6ef7948fdcae8c200043ac8529778a9,importerror,importerror
4ac7cfcd9b85619ced5458581aa3350a,importerror,sslerror
8926251defd03d99ba5f64af6e67bc3d,importerror,importerror
10405384,importerror,importerror
7471095,importerror,ioerror
4277592,importerror,nameerror
2e5bf13a233ae28fda9f,importerror,timeouterror
7097314,importerror,noauthhandlerfound
0e6207346acfaaca602eb7dce80226a0,importerror,typeerror
4165078,importerror,connectionerror
4c5f4ca891822444af3d,importerror,success
4109562,importerror,timeouterror
3897853,importerror,nameerror
4704110,importerror,noauthhandlerfound
afe42623c7d4007b06f8,importerror,nameerror
7a3f0c3d23d99f6c65c4,importerror,connectionerror
9996997,importerror,timeouterror
3970945,importerror,attributeerror
4667957,importerror,timeouterror
4412850,importerror,success
092633087d56b8782bb003282e9a8950,importerror,importerror
4199233,importerror,attributeerror
9104225ab20c5c7b8d51190e56d9fff8,importerror,deprecationwarning
ae13ed93e0e8f3c820226fc6871f436d,importerror,oserror
3691654,importerror,importerror
08fe49cbdc4fb6383b2e,importerror,tclerror
1b6ed51edfbc17c26d85,importerror,success
5f7b9f1580cd711415faf1516a715f63,importerror,importerror
7947014,importerror,importerror
9208584,importerror,importerror
511888530967f4d3fabe882c4d00575a,importerror,browsercookieerror
3859749,importerror,indexerror
5139432,importerror,attributeerror
a67e4b3b59990589600f,importerror,success
4353889,importerror,syntaxerror
3953990,importerror,nameerror
0f5d0df1e1a863a93568,importerror,success
2df4f573a8a16d5db4d3,importerror,success
8798262,importerror,valueerror
6393809,importerror,success
7091876,importerror,syntaxerror
9026574,importerror,operationalerror
bdcbc7a2da010d7aff6e,importerror,importerror
6452581,importerror,sqserror
3883290,importerror,zerodivisionerror
a5d0cab4bde185b38404,importerror,success
6087046,importerror,tclerror
7703507e68c92d902058,importerror,success
b9c5b5529381d1737fc3,importerror,importerror
9162127,importerror,noauthhandlerfound
5050915,importerror,eoferror
7704872,importerror,httperror_seek_wrapper
5881046,importerror,nameerror
5bb1bd04a443c4e06ccd,importerror,timeouterror
7249102,importerror,success
682979133e732c4cd3ab9467e5c70273,importerror,timeouterror
08f51440d2cecc95d371,importerror,timeouterror
4497613,importerror,timeouterror
8243318,importerror,keyerror
6925792,importerror,importerror
5050586,importerror,timeouterror
8b98652f9fb8f8d7afbf4915f63f6726,importerror,timeouterror
1cb5eb1a8fb7ef0e1f80,importerror,importerror
0fd550758b4bcc92029f,importerror,typeerror
11063439,importerror,success
4982283,importerror,timeouterror
3ab6495896b4f0538543,importerror,importerror
9747104,importerror,importerror
a5fc0bf06bbe656c7291,importerror,importerror
5726342,importerror,sslerror
5308423,importerror,indexerror
9373279,importerror,success
7cf9973676fe3e0bda30,importerror,tclerror
7c8837167df8b6fbb3a38e2de52ad0f4,importerror,importerror
68703518a1db03aa52ba,importerror,importerror
10270150,importerror,importerror
8187296,importerror,success
4682580,importerror,attributeerror
3745014,importerror,urlerror
b4336bbdae6e45d594e9,importerror,syntaxerror
5730160,importerror,importerror
5045784,importerror,ioerror
8222898,importerror,success
7f65b7e36b76ccde9fe52b74b62ab9df,importerror,indexerror
2f66dc46e324feec706b,importerror,success
4471849,importerror,attributeerror
8e9747eaa9f3f97e29be65316460f038,importerror,odbcnolibrary
5f52ceb565264b1e969a,importerror,sslerror
b95abcf698d85b5d5007,importerror,indexerror
6efba6e522302e43d055,importerror,ioerror
5900450,importerror,success
a526bddf953f5dea367e64fc2995b443,importerror,importerror
10347201,importerror,syntaxerror
4e82161347ee23e5b7ffeb7124347d2a,importerror,success
ba7b46dfc854544bf3c8,importerror,indexerror
5058032,importerror,importerror
5426211,importerror,timeouterror
6405956,importerror,importerror
b8d878abd4091efc63f9fe99cbb36ac0,importerror,success
bb4e14b1998814f27bc4c7905da650ce,importerror,importerror
8119802,importerror,indexerror
8050711,importerror,timeouterror
4c9ed8806bdd8e695a73,importerror,importerror
6192900,importerror,eoferror
a093d30523dd77ae970f3ffcf26e1344,importerror,keyerror
6018026,importerror,httperror
7811458,importerror,nameerror
5355597,importerror,typeerror
7902330,importerror,connectionerror
c3e9af58ba93497c5f202f89dd70fbd5,importerror,success
9258372,importerror,importerror
4735384,importerror,noauthhandlerfound
5397472,importerror,success
4f76b66feeb5aa24e124740081f241cb,importerror,importerror
aeafc25acbaa919b17fe,importerror,timeouterror
4ccb79c7d01a95176b8e88bf4890cd2b,importerror,importerror
3856821,importerror,success
4751400,importerror,timeouterror
3d63503051e73fe23c8e616189972784,importerror,success
4103124,importerror,syntaxerror
3318211,importerror,keyerror
3dc2795f6307145cf7cb,importerror,valueerror
4979594,importerror,indexerror
5596891,importerror,indexerror
5457210,importerror,success
4049625,importerror,importerror
4735528,importerror,syntaxerror
03aa9be710a5c93f6809f55dd0303e12,importerror,nocredentialserror
11212614,importerror,timeouterror
5410178,importerror,urlerror
845422125b3b25182b3c,importerror,attributeerror
3390779,importerror,oserror
5320734,importerror,success
2cc3f23638577c89c417,importerror,timeouterror
1d6654a721789163627c4db7add22a50,importerror,timeouterror
8006132,importerror,success
5693964,importerror,syntaxerror
5be74487947c8b500950,importerror,success
5605160,importerror,importerror
9434953,importerror,success
3289015398d14b740074,importerror,importerror
5258909,importerror,timeouterror
8153070,importerror,success
5793049,importerror,importerror
5ea59e1976ef9f672245fbe153841d44,importerror,oserror
9748036,importerror,importerror
4da02e2960636d349e9bae7ae43c213c,importerror,tclerror
5488075,importerror,success
3686737,importerror,attributeerror
4555500,importerror,nameerror
9095575,importerror,sslerror
6266559,importerror,success
5658957,importerror,nameerror
4b166cbdf0634ab09bad,importerror,success
4601257,importerror,attributeerror
5671071,importerror,timeouterror
8978002,importerror,importerror
3757975,importerror,importerror
8407623,importerror,success
6612871,importerror,syntaxerror
3385009,importerror,attributeerror
a6a56cf5b17a86fdf461,importerror,nameerror
bda10fa55df5723e27da,importerror,success
4281908,importerror,attributeerror
5022021,importerror,importerror
a72d4ec73911b5859098,importerror,success
5b0a5532de84402e4ced0548f4650f2d,importerror,valueerror
2d727968c3aaebd10359,importerror,success
2c7011ac30de27b9c5631f1bf418f0a1,importerror,attributeerror
6639863,importerror,success
5874460,importerror,success
5579037,importerror,timeouterror
7e4ca9a27727cf2a86b6,importerror,timeouterror
5503221,importerror,importerror
0c9fc781f78a90815789399c27c52803,importerror,success
7947337,importerror,importerror
8d2ce0b0b03f34e117dd,importerror,success
8358332,importerror,typeerror
6737282,importerror,importerror
5606582,importerror,importerror
9918884,importerror,importerror
5976242,importerror,success
98916876e14534fa8ab2,importerror,success
4221200,importerror,timeouterror
6d673f1f3d13da1611cd,importerror,timeouterror
4169164,importerror,nameerror
ad91a3b4a0a6900fedef,importerror,syntaxerror
b37376c8263a02359401e6f0c155a3ea,importerror,timeouterror
7175267,importerror,timeouterror
4fe0b0b55798c76252c7,importerror,webdriverexception
3feacbd83491d8cc1895a15a73af7e18,importerror,success
9618007,importerror,syntaxerror
5c7421b8ba0417e3007daab1968e92ac,importerror,webdriverexception
5439438,importerror,tclerror
5136538,importerror,timeouterror
4253687,importerror,importerror
11374912,importerror,nameerror
bd8f35699bb4f29fedfc543a480a67b2,importerror,importerror
7000517,importerror,importerror
bdbb7ef2e468c8557e09,importerror,gaierror
4520732,importerror,timeouterror
5537082,importerror,importerror
a62d6ff7526c5e9b21b4,importerror,importerror
1abb64affb21322256f1c4ebbb59a364,importerror,ioerror
1e3263c4b26c4c1674b8b29274d528d8,importerror,success
9609188,importerror,oserror
4abfb8e9f0681173ed59,importerror,success
9262225,importerror,success
5181480,importerror,timeouterror
4122058,importerror,success
4e04503b4c6739d7b4be692b56ad0ac5,importerror,importerror
7414775,importerror,keyerror
6417293,importerror,success
0d9b373b59ef9bb62b5a,importerror,ioerror
bedb5d779e846c2a71da,importerror,timeouterror
7bb75a8f280f501344b8,importerror,transmissionerror
b910c8b22e8e1c01fae6,importerror,ioerror
abeb51ce071aff03b781e1a3eadc1a20,importerror,importerror
4142720,importerror,importerror
5154370,importerror,noauthhandlerfound
7983389b305e55da5b27,importerror,timeouterror
4707291,importerror,unicodeencodeerror
5730770,importerror,importerror
b16f018119ef3fe951af,importerror,importerror
1fddeab0d96f0c8c7bcc,importerror,noauthhandlerfound
adbf105e0e3d213d4ea0aa99fe03b85e,importerror,indexerror
af5564406afb1615a7feecea0b721714,importerror,importerror
5222560,importerror,success
6dc544dc36367489c89f,importerror,webdriverexception
7f3a0c8284b7447b4912,importerror,timeouterror
5565622,importerror,obsoleteexception
7744008,importerror,importerror
7491340,importerror,success
5297716,importerror,timeouterror
6115006,importerror,importerror
8149157,importerror,importerror
6316715,importerror,syntaxerror
7273731,importerror,operationalerror
9146611,importerror,timeouterror
4721134,importerror,ioerror
8982799,importerror,importerror
7208850,importerror,urlerror
2a4a0f9b525096633ca2,importerror,success
1b4475f214cf246e246ee3e7d143d843,importerror,success
0cbadce5816b6ab10eb2,importerror,importerror
c4c90987224150e4a0b2,importerror,importerror
11407276,importerror,importerror
6177685,importerror,keyerror
a99dcf43ec16fc49e737,importerror,success
2b8acb9f9c0f22753eaac227ff997b34,importerror,clienterror
9493633,importerror,importerror
8437653,importerror,importerror
8153408,importerror,success
acc2d632db3e8c0dfeaec6ccf52252a2,importerror,oserror
3436116,importerror,ioerror
9244363,importerror,attributeerror
6895643,importerror,importerror
6069838,importerror,timeouterror
7c37bfb5453e8353f3c6,importerror,success
5878415,importerror,importerror
5347810,importerror,timeouterror
5957573,importerror,importerror
5799103,importerror,success
5812039,importerror,attributeerror
4126646,importerror,attributeerror
0b8b4aeea00ff3abf3bc72a9e9d26849,importerror,timeouterror
4662375,importerror,success
9521126,importerror,indexerror
6301366,importerror,valueerror
8306732,importerror,importerror
a46eaea2a9fe11fdde96,importerror,connectionerror
8002349,importerror,timeouterror
8163233,importerror,importerror
9014184,importerror,importerror
5478083,importerror,ioerror
7873635,importerror,indexerror
5639728,importerror,typeerror
5777474,importerror,indexerror
7762552,importerror,importerror
3cc4a45b27ce8f4593b2,importerror,importerror
7096133,importerror,ioerror
c4ca2e183c3cfb3b93e0,importerror,success
8340312,importerror,importerror
a7eedd20d7b810bd1847,importerror,importerror
b51a9cabd41edae990fd6e844f10ef8e,importerror,importerror
ab89ed13e2e52830aa6c,importerror,keyerror
6507798,importerror,timeouterror
9010523,importerror,importerror
4911296,importerror,importerror
5066745,importerror,success
8c4e45ea2ba2ed497eb0,importerror,nameerror
10939933,importerror,success
3cb0561707fd2ca1f176,importerror,connectionerror
3732305,importerror,importerror
5736212,importerror,importerror
8329584,importerror,attributeerror
2f41c85ac5296eb518e19aff9ecc7086,importerror,eoferror
4137305,importerror,attributeerror
8eeb01a5e0db704521fa37b125c2861e,importerror,syntaxerror
5993501,importerror,importerror
3302754,importerror,success
5cd4dceb9e4f40d110ef,importerror,timeouterror
7f5124f9992038d6c1ed00e1ed52772f,importerror,importerror
4bc8ed06643e077fa620,importerror,eoferror
a44eea84272123f608dcf737588cdfa7,importerror,ioerror
7440475,importerror,webdriverexception
4267659,importerror,importerror
b953c4d026381b4ac5cc,importerror,importerror
6559771,importerror,typeerror
3907181,importerror,attributeerror
8514907,importerror,ioerror
3773703,importerror,timeouterror
5c377e53023d0d108704,importerror,connectionerror
5436496,importerror,tweeperror
8794104,importerror,syntaxerror
a6642fc03be5db338c71,importerror,importerror
8502095,importerror,importerror
7a9df4510d7a4473eff1,importerror,success
6103966,importerror,timeouterror
3313617,importerror,success
5454270,importerror,attributeerror
4c501fc99acb75852756a4d1dfc8ca3d,importerror,nameerror
4341878,importerror,importerror
5476544,importerror,success
8391840,importerror,importerror
bd04bad3cd231474763b873df081c09a,importerror,importerror
8891061,importerror,timeouterror
9454233,importerror,typeerror
5cb8f880ef79b2db3c63,importerror,ioerror
10506122,importerror,importerror
3813659,importerror,success
b1aa2c0f604ed92b9b3afaa6db18e5fd,importerror,importerror
b18ecbe697b053b1eb7c,importerror,importerror
4022368,importerror,connectionerror
4465839,importerror,timeouterror
4307382c9faf03b54b9a,importerror,success
3e304f2d510bdf4d2433,importerror,valueerror
1c4a763c019ab101fc6e,importerror,success
01f3c4a3247218cdbc7b,importerror,ioerror
1c3385802888f467c206ab2fdfbba4ef,importerror,attributeerror
5727795,importerror,timeouterror
4b5a9942b6afbfc2534f2f14c87b9b54,importerror,success
4adb7445f9f90b387f5b,importerror,importerror
3760940,importerror,typeerror
5430536,importerror,keyerror
2fca1de64950d5dfed72,importerror,syntaxerror
a707a5d0bf5bc21c8142fb9252fd5c68,importerror,success
8005564c5d3711a0e5476dbfd18d8acf,importerror,syntaxerror
5485111,importerror,importerror
03f46cb24dcf4127d6fa66d08126fa3b,importerror,tclerror
6b572512ef53cfc6bf949afdc8eb6720,importerror,tclerror
3922633,importerror,timeouterror
6540433,importerror,typeerror
5896360,importerror,ioerror
6dcd7c363330a8391dbe,importerror,keyerror
5543145,importerror,nameerror
b784796793423a3fe8afe2de5e36b289,importerror,timeouterror
4dffc81c336f8795afc910b50e026366,importerror,success
25752764ac41d641a5a48d5c58df061e,importerror,importerror
5d7f20ea0453a2d4642d,importerror,featurenotfound
7b05bf0b0409ae57ce7f,importerror,ioerror
5771635,importerror,nameerror
8de35523570c82eabfdb,importerror,indexerror
5448901,importerror,syntaxerror
3491924,importerror,timeouterror
a6c9b5119d418a65d489,importerror,keyerror
a7d3994ad761e6085bdf,importerror,indexerror
5026988,importerror,success
34878448ab45dfffffa930f5cf8c252a,importerror,importerror
5255716,importerror,success
8a19a90c038c6a79da6d10f5528908e1,importerror,importerror
5338856,importerror,timeouterror
a0b5941b3cbf5aeb01da,importerror,success
6098281,importerror,success
6796103,importerror,success
8051599,importerror,success
3f41a5d7b1c0cadffb5f,importerror,connectionerror
4131747,importerror,noauthhandlerfound
3612552,importerror,success
b0cad4009c5702889979c82f6473c7b3,importerror,attributeerror
7500554,importerror,eoferror
3412602,importerror,timeouterror
bfc4c610fd449debb3aa341863145bea,importerror,timeouterror
9604598,importerror,nameerror
b940caf6cba552527613c1f93e26cc80,importerror,sslerror
a7eb492db4f35b66e591,importerror,importerror
4186007,importerror,importerror
a39e0fef4e15d2ab04b5,importerror,webdriverexception
3994116,importerror,importerror
8435287,importerror,timeouterror
5938736,importerror,indexerror
10356841,importerror,timeouterror
0cc92989309e4e8e1490207008c7c58b,importerror,httperror
3417915,importerror,success
9054310,importerror,syntaxerror
6caa622be083f97b8c5c9a10478ba058,importerror,importerror
7604940,importerror,success
4e98ebe2cf29c0c2c232,importerror,importerror
5562741,importerror,importerror
7113929,importerror,importerror
4026625,importerror,responsenotready
4018277a08d3f6de9e74f11a3f913e78,importerror,success
0c98c9de10b796af69b1,importerror,urlerror
5202673,importerror,importerror
7affd78213242d642451,importerror,eoferror
8833720,importerror,apierror
5178812,importerror,timeouterror
6333174,importerror,syntaxerror
7784506,importerror,success
6302010eaf3fb5d25359,importerror,importerror
10091097,importerror,success
3eea00490d188ae4e4ca,importerror,importerror
5004886,importerror,importerror
5341461,importerror,success
4066792,importerror,importerror
8e9a70d4998bab533a4139ee145f84a4,importerror,importerror
a6414149a5a09ba1ebf702ff8d5056c5,importerror,attributeerror
5130355,importerror,noauthhandlerfound
c1feef2bf7a3a014178c,importerror,timeouterror
4560318,importerror,eoferror
7213533,importerror,importerror
4034379,importerror,importerror
5087533,importerror,importerror
5998837,importerror,eoferror
6196634,importerror,success
afe1a985df8ebb2207a0a228bb17a4d0,importerror,success
7f2d9b3d0f3eb7c15c197f13d4335dbf,importerror,success
4337527,importerror,importerror
0a58c7e958c1b317f64a,importerror,importerror
10796230,importerror,runtimeerror
3915904,importerror,obsoleteexception
6694512,importerror,success
4219558,importerror,importerror
1ba07d81d010b653f92d,importerror,timeouterror
bf27da3f38272a76c801,importerror,timeouterror
6216128,importerror,importerror
6044294,importerror,success
6e4e406b07f52a68d961,importerror,attributeerror
5128702,importerror,importerror
956145752a649054bd50,importerror,importerror
008e24537ddde7db528c,importerror,indexerror
6452556,importerror,importerror
9277056,importerror,nameerror
5185318,importerror,indexerror
5048768,importerror,importerror
5642563,importerror,runtimeerror
3908817,importerror,eoferror
3a39c61d11f3cacf4e58,importerror,importerror
9492439,importerror,success
10575939,importerror,success
9310828,importerror,success
6823954,importerror,timeouterror
be23f2c761e4ff74aa33,importerror,success
b0b488b5a5257223ed53,importerror,attributeerror
4084043,importerror,success
5437866,importerror,timeouterror
a22e1834d7cfc46eee2a26cebc6f817b,importerror,timeouterror
5638389,importerror,httperror
6184956,importerror,typeerror
6656495,importerror,importerror
7893756,importerror,importerror
5743138,importerror,timeouterror
8858213,importerror,importerror
4214222,importerror,importerror
4090682,importerror,syntaxerror
07c5bed2c94270c959c56c403396476d,importerror,nocredentialserror
5539628,importerror,syntaxerror
3fdc080258fc53bcd3fa,importerror,syntaxerror
9144662,importerror,importerror
6045740,importerror,attributeerror
8465161,importerror,nameerror
4637864,importerror,typeerror
6ea5e34027be3aace7de369c701ab8e2,importerror,keyerror
10189916,importerror,apierror
8187958,importerror,success
10298077,importerror,valueerror
a0514b2e283a882d9ef3,importerror,success
a7cede3a708e2365b5a1,importerror,timeouterror
5787586,importerror,success
4514450,importerror,success
9507969,importerror,nameerror
5097365,importerror,valueerror
0daed253f4c4ebce25c3fdac8f3cf0d3,importerror,indexerror
3862093af36a1aeb8104,importerror,operationalerror
4602717,importerror,success
4541209,importerror,timeouterror
6d2be801010c7eb844f0,importerror,importerror
2862667822af7fae8b55682faef029a7,importerror,runtimeerror